,season,player,true,true_rank,pred,pred_rank
1,1981,Adrian Dantley,0.4117647058823529,11.0,0.6254564997111304,4.0
69,1981,Artis Gilmore,0.17647058823529413,15.0,0.41798678213606466,8.0
97,1981,Bobby Jones,0.11764705882352941,16.0,0.2444582099094207,12.0
220,1981,Dennis Johnson,0.5882352941176471,8.0,0.14372183980978137,17.0
293,1981,Eddie Johnson,0.058823529411764705,17.0,0.11439267403730058,19.0
310,1981,George Gervin,0.7647058823529411,5.0,0.5560825704438018,5.0
365,1981,Jack Sikma,0.35294117647058826,12.0,0.303147023007479,10.0
371,1981,Jamaal Wilkes,0.47058823529411764,10.0,0.27968301541985896,11.0
453,1981,Julius Erving,1.0,1.0,0.8100427133780487,2.0
461,1981,Kareem Abdul-Jabbar,0.8823529411764706,3.0,0.8445986651345508,1.0
580,1981,Larry Bird,0.9411764705882353,2.0,0.47568329728406,7.0
641,1981,Marques Johnson,0.7058823529411765,6.0,0.521152550868034,6.0
668,1981,Micheal Ray Richardson,0.29411764705882354,13.0,0.16093376804874582,15.0
671,1981,Mike Mitchell,0.11764705882352941,16.0,0.15872049870759086,16.0
679,1981,Moses Malone,0.8235294117647058,4.0,0.7618599152919175,3.0
693,1981,Otis Birdsong,0.29411764705882354,13.0,0.2233469016646511,13.0
732,1981,Paul Westphal,0.058823529411764705,17.0,-0.028606701207171015,22.0
764,1981,Reggie Theus,0.23529411764705882,14.0,0.060731816167300834,21.0
772,1981,Robert Parish,0.6470588235294118,7.0,0.3252183376711416,9.0
881,1981,Tiny Archibald,0.5294117647058824,9.0,0.07476313536502788,20.0
902,1981,Truck Robinson,0.23529411764705882,14.0,0.16626965640298452,14.0
919,1981,Walter Davis,0.11764705882352941,16.0,0.11922707040198632,18.0
2,1982,Adrian Dantley,0.23529411764705882,14.0,0.5326725192962554,7.0
11,1982,Alex English,0.35294117647058826,12.0,0.4131711408142207,11.0
70,1982,Artis Gilmore,0.058823529411764705,17.0,0.3794266245376716,13.0
83,1982,Bernard King,0.29411764705882354,13.0,0.28082292171640666,14.0
96,1982,Bob Lanier,0.058823529411764705,17.0,0.12301763327141635,17.0
98,1982,Bobby Jones,0.058823529411764705,17.0,0.23965378339244103,15.0
112,1982,Buck Williams,0.11764705882352941,16.0,0.11335689568872431,18.0
221,1982,Dennis Johnson,0.11764705882352941,16.0,0.056772699340825517,21.0
311,1982,George Gervin,0.7058823529411765,6.0,0.6502990162080946,4.0
336,1982,Gus Williams,0.7647058823529411,5.0,0.4504803717806849,9.0
354,1982,Isiah Thomas,0.17647058823529413,15.0,-0.09547343517206763,24.0
366,1982,Jack Sikma,0.5294117647058824,9.0,0.4812986707083551,8.0
454,1982,Julius Erving,0.8823529411764706,3.0,0.7244348441756256,2.0
462,1982,Kareem Abdul-Jabbar,0.47058823529411764,10.0,0.6496253561161607,5.0
488,1982,Kelly Tripucka,0.4117647058823529,11.0,0.09635899802967152,19.0
581,1982,Larry Bird,0.9411764705882353,2.0,0.5381135987402954,6.0
614,1982,Lonnie Shelton,0.058823529411764705,17.0,0.020929793432145294,22.0
618,1982,Magic Johnson,0.5882352941176471,8.0,0.6524374565210562,3.0
669,1982,Micheal Ray Richardson,0.058823529411764705,17.0,0.003976067770366631,23.0
680,1982,Moses Malone,1.0,1.0,0.8888604659483403,1.0
691,1982,Norm Nixon,0.058823529411764705,17.0,0.15257808591059052,16.0
773,1982,Robert Parish,0.8235294117647058,4.0,0.40049561129407585,12.0
830,1982,Sidney Moncrief,0.6470588235294118,7.0,0.431932026708324,10.0
882,1982,Tiny Archibald,0.058823529411764705,17.0,0.08604421754179703,20.0
12,1983,Alex English,0.7058823529411765,6.0,0.5688424537919132,6.0
49,1983,Andrew Toney,0.058823529411764705,17.0,-0.019867869578274966,23.0
71,1983,Artis Gilmore,0.5882352941176471,8.0,0.3841493048795879,13.0
87,1983,Bill Laimbeer,0.058823529411764705,17.0,-0.06870044680426907,24.0
113,1983,Buck Williams,0.6470588235294118,7.0,0.1831112665734505,17.0
209,1983,David Thompson,0.058823529411764705,17.0,0.04911615940355568,21.0
312,1983,George Gervin,0.5294117647058824,9.0,0.3904194113154514,12.0
337,1983,Gus Williams,0.23529411764705882,14.0,0.5747841962391245,5.0
355,1983,Isiah Thomas,0.29411764705882354,13.0,-0.007617974452114484,22.0
367,1983,Jack Sikma,0.4117647058823529,11.0,0.4033673493748207,11.0
372,1983,Jamaal Wilkes,0.058823529411764705,17.0,0.17371428375854486,19.0
413,1983,Jim Paxson,0.058823529411764705,17.0,0.26447133581599297,14.0
455,1983,Julius Erving,0.7647058823529411,5.0,0.564110886634057,7.0
463,1983,Kareem Abdul-Jabbar,0.47058823529411764,10.0,0.5383133261044886,8.0
538,1983,Kiki Vandeweghe,0.11764705882352941,16.0,0.1974625961832313,16.0
582,1983,Larry Bird,0.9411764705882353,2.0,0.6450440396031805,3.0
619,1983,Magic Johnson,0.8823529411764706,3.0,0.6811352636651005,2.0
642,1983,Marques Johnson,0.17647058823529413,15.0,0.45739126570980454,9.0
644,1983,Maurice Cheeks,0.058823529411764705,17.0,0.2580942422409603,15.0
648,1983,Maurice Lucas,0.35294117647058826,12.0,0.08481427489282362,20.0
681,1983,Moses Malone,1.0,1.0,0.7985167205386456,1.0
765,1983,Reggie Theus,0.058823529411764705,17.0,0.1805360223973363,18.0
774,1983,Robert Parish,0.058823529411764705,17.0,0.43731943342531815,10.0
831,1983,Sidney Moncrief,0.8235294117647058,4.0,0.6195513249550852,4.0
3,1984,Adrian Dantley,0.5384615384615384,7.0,0.6222850695111386,2.0
13,1984,Alex English,0.07692307692307693,13.0,0.41477692164072516,10.0
50,1984,Andrew Toney,0.07692307692307693,13.0,-0.0655382101849799,22.0
84,1984,Bernard King,0.9230769230769231,2.0,0.608687040933449,3.0
88,1984,Bill Laimbeer,0.23076923076923078,11.0,0.2543441012171453,16.0
313,1984,George Gervin,0.07692307692307693,13.0,0.31321567364669783,13.0
356,1984,Isiah Thomas,0.6923076923076923,5.0,0.3422328764711889,11.0
368,1984,Jack Sikma,0.07692307692307693,13.0,0.47369105500569014,7.0
404,1984,Jeff Ruland,0.38461538461538464,9.0,0.2107386981926876,17.0
414,1984,Jim Paxson,0.07692307692307693,13.0,0.05596079339328491,21.0
456,1984,Julius Erving,0.6153846153846154,6.0,0.5900014465829055,4.0
464,1984,Kareem Abdul-Jabbar,0.7692307692307693,4.0,0.4541981467301522,8.0
489,1984,Kelly Tripucka,0.07692307692307693,13.0,0.2022020484728156,18.0
528,1984,Kevin McHale,0.07692307692307693,13.0,0.14482927695097453,19.0
539,1984,Kiki Vandeweghe,0.07692307692307693,13.0,0.3024592695060047,15.0
583,1984,Larry Bird,1.0,1.0,0.7525287277232902,1.0
620,1984,Magic Johnson,0.8461538461538461,3.0,0.4993008168636262,5.0
632,1984,Mark Aguirre,0.3076923076923077,10.0,0.44988461098454274,9.0
694,1984,Otis Birdsong,0.07692307692307693,13.0,-0.08898506999441941,24.0
739,1984,Ralph Sampson,0.07692307692307693,13.0,0.33344145136219333,12.0
769,1984,Rickey Green,0.15384615384615385,12.0,0.11522710938980901,20.0
775,1984,Robert Parish,0.07692307692307693,13.0,0.30438607364770826,14.0
832,1984,Sidney Moncrief,0.46153846153846156,8.0,0.4864375753454507,6.0
920,1984,Walter Davis,0.07692307692307693,13.0,-0.07583589912634386,23.0
4,1985,Adrian Dantley,0.0625,16.0,0.3077885465636789,13.0
14,1985,Alex English,0.3125,12.0,0.36815540491336013,11.0
85,1985,Bernard King,0.625,7.0,0.5568178912378208,4.0
89,1985,Bill Laimbeer,0.0625,16.0,0.11308946519904656,20.0
115,1985,Calvin Natt,0.375,11.0,0.2610132258191206,17.0
222,1985,Dennis Johnson,0.0625,16.0,-0.031088233339225113,24.0
314,1985,George Gervin,0.0625,16.0,0.2843264117240742,16.0
338,1985,Hakeem Olajuwon,0.3125,12.0,0.4012998668357077,9.0
357,1985,Isiah Thomas,0.5,9.0,0.4771840382009677,7.0
369,1985,Jack Sikma,0.1875,14.0,0.3733203023360338,10.0
457,1985,Julius Erving,0.125,15.0,0.32958833808584903,12.0
465,1985,Kareem Abdul-Jabbar,0.8125,4.0,0.467513825492525,8.0
584,1985,Larry Bird,1.0,1.0,0.7079441921221779,1.0
591,1985,Larry Nance,0.0625,16.0,0.14915444286612772,18.0
621,1985,Magic Johnson,0.9375,2.0,0.5451219448903621,6.0
654,1985,Michael Jordan,0.6875,6.0,0.6625329424565585,2.0
670,1985,Micheal Ray Richardson,0.25,13.0,0.045931193274846904,21.0
682,1985,Moses Malone,0.875,3.0,0.5966774376887052,3.0
692,1985,Norm Nixon,0.0625,16.0,-0.004184008857854693,23.0
740,1985,Ralph Sampson,0.4375,10.0,0.2916518661630298,15.0
776,1985,Robert Parish,0.0625,16.0,0.12008539095592913,19.0
781,1985,Rolando Blackman,0.0625,16.0,0.00889004229626228,22.0
833,1985,Sidney Moncrief,0.5625,8.0,0.29815989893385425,14.0
857,1985,Terry Cummings,0.75,5.0,0.5536905313982252,5.0
5,1986,Adrian Dantley,0.15384615384615385,12.0,0.5990874159771089,4.0
15,1986,Alex English,0.5384615384615384,7.0,0.4688996005107093,8.0
34,1986,Alvin Robertson,0.23076923076923078,11.0,0.2831824546966423,11.0
72,1986,Artis Gilmore,0.07692307692307693,13.0,0.2486753517482178,13.0
114,1986,Buck Williams,0.15384615384615385,12.0,-0.0026486063791402725,22.0
173,1986,Clyde Drexler,0.07692307692307693,13.0,0.19963034878746483,17.0
261,1986,Dominique Wilkins,0.9230769230769231,2.0,0.5992563750625799,3.0
339,1986,Hakeem Olajuwon,0.7692307692307693,4.0,0.5067751653771062,7.0
358,1986,Isiah Thomas,0.46153846153846156,8.0,0.35264669017986633,9.0
383,1986,James Worthy,0.3076923076923077,10.0,0.28297151868956333,12.0
402,1986,Jeff Malone,0.07692307692307693,13.0,-0.010420433723383138,23.0
458,1986,Julius Erving,0.07692307692307693,13.0,0.19835297141769032,18.0
466,1986,Kareem Abdul-Jabbar,0.6923076923076923,5.0,0.5537355267999395,6.0
529,1986,Kevin McHale,0.23076923076923078,11.0,0.23038087669088653,15.0
585,1986,Larry Bird,1.0,1.0,0.7214557713448209,1.0
622,1986,Magic Johnson,0.8461538461538461,3.0,0.6971513334776624,2.0
643,1986,Marques Johnson,0.07692307692307693,13.0,0.08166385623717004,21.0
645,1986,Maurice Cheeks,0.07692307692307693,13.0,0.3205921991669662,10.0
683,1986,Moses Malone,0.38461538461538464,9.0,0.567112631412541,5.0
741,1986,Ralph Sampson,0.07692307692307693,13.0,0.22368298930062663,16.0
777,1986,Robert Parish,0.07692307692307693,13.0,0.1912440221026223,19.0
782,1986,Rolando Blackman,0.07692307692307693,13.0,0.0830433150530176,20.0
834,1986,Sidney Moncrief,0.6153846153846154,6.0,0.23386571484228041,14.0
16,1987,Alex English,0.23076923076923078,11.0,0.2861252061138321,11.0
35,1987,Alvin Robertson,0.07692307692307693,13.0,0.22688443427160554,14.0
90,1987,Bill Laimbeer,0.07692307692307693,13.0,0.21335622305424284,16.0
128,1987,Charles Barkley,0.6153846153846154,6.0,0.3548858998413441,8.0
262,1987,Dominique Wilkins,0.6923076923076923,5.0,0.5450384801335756,5.0
340,1987,Hakeem Olajuwon,0.5384615384615384,7.0,0.5499110493220859,4.0
359,1987,Isiah Thomas,0.46153846153846156,8.0,0.3167037821245434,10.0
384,1987,James Worthy,0.07692307692307693,13.0,0.2799827080119802,12.0
403,1987,Jeff Malone,0.07692307692307693,13.0,0.16405924425550655,19.0
420,1987,Joe Barry Carroll,0.15384615384615385,12.0,0.3474092552675164,9.0
459,1987,Julius Erving,0.07692307692307693,13.0,0.08594585476090277,24.0
467,1987,Kareem Abdul-Jabbar,0.07692307692307693,13.0,0.18290448769426793,17.0
530,1987,Kevin McHale,0.7692307692307693,4.0,0.40789467071142316,7.0
586,1987,Larry Bird,0.8461538461538461,3.0,0.5372659500195686,6.0
623,1987,Magic Johnson,1.0,1.0,0.8880927164197577,2.0
633,1987,Mark Aguirre,0.15384615384615385,12.0,0.17778672737621026,18.0
646,1987,Maurice Cheeks,0.07692307692307693,13.0,0.15340226232644671,22.0
655,1987,Michael Jordan,0.9230769230769231,2.0,1.0081794721718413,1.0
684,1987,Moses Malone,0.38461538461538464,9.0,0.5790814242740315,3.0
778,1987,Robert Parish,0.3076923076923077,10.0,0.1539047722532222,21.0
783,1987,Rolando Blackman,0.15384615384615385,12.0,0.15517505425127542,20.0
835,1987,Sleepy Floyd,0.07692307692307693,13.0,0.22563052730004973,15.0
883,1987,Tom Chambers,0.07692307692307693,13.0,0.12763092064666115,23.0
921,1987,Walter Davis,0.07692307692307693,13.0,0.24636547351668459,13.0
17,1988,Alex English,0.3076923076923077,10.0,0.29421695421817723,13.0
36,1988,Alvin Robertson,0.07692307692307693,13.0,0.20832088571591206,17.0
99,1988,Brad Daugherty,0.07692307692307693,13.0,0.0786977792441717,23.0
129,1988,Charles Barkley,0.7692307692307693,4.0,0.52081536254706,5.0
174,1988,Clyde Drexler,0.6923076923076923,5.0,0.5296156684402347,4.0
193,1988,Danny Ainge,0.07692307692307693,13.0,-0.12664979605563936,24.0
259,1988,Doc Rivers,0.07692307692307693,13.0,0.2905144274710579,14.0
263,1988,Dominique Wilkins,0.6153846153846154,6.0,0.46937391193499983,7.0
299,1988,Fat Lever,0.38461538461538464,9.0,0.30004303376573765,12.0
341,1988,Hakeem Olajuwon,0.5384615384615384,7.0,0.4820116348115476,6.0
360,1988,Isiah Thomas,0.23076923076923078,11.0,0.2743485664161141,15.0
374,1988,James Donaldson,0.07692307692307693,13.0,0.13957715395507925,20.0
385,1988,James Worthy,0.07692307692307693,13.0,0.18842835425041066,19.0
468,1988,Kareem Abdul-Jabbar,0.07692307692307693,13.0,0.10766173826873732,21.0
470,1988,Karl Malone,0.46153846153846156,8.0,0.39844925743670095,8.0
531,1988,Kevin McHale,0.07692307692307693,13.0,0.083494402803231,22.0
587,1988,Larry Bird,0.9230769230769231,2.0,0.5817754588055009,3.0
624,1988,Magic Johnson,0.8461538461538461,3.0,0.634942459600998,2.0
634,1988,Mark Aguirre,0.15384615384615385,12.0,0.19995632729886942,18.0
647,1988,Maurice Cheeks,0.07692307692307693,13.0,0.31771395306181766,11.0
656,1988,Michael Jordan,1.0,1.0,0.9713548419972453,1.0
685,1988,Moses Malone,0.07692307692307693,13.0,0.36602410551949155,9.0
697,1988,Patrick Ewing,0.07692307692307693,13.0,0.31959791412361077,10.0
922,1988,Xavier McDaniel,0.07692307692307693,13.0,0.21774753370708871,16.0
18,1989,Alex English,0.08333333333333333,12.0,0.2736320778324154,13.0
100,1989,Brad Daugherty,0.3333333333333333,9.0,0.0816724990111749,23.0
130,1989,Charles Barkley,0.6666666666666666,5.0,0.5112555389625283,3.0
154,1989,Chris Mullin,0.25,10.0,0.43334437478580246,6.0
175,1989,Clyde Drexler,0.08333333333333333,12.0,0.46256845036510985,5.0
184,1989,Dale Ellis,0.08333333333333333,12.0,0.1934194006734612,16.0
264,1989,Dominique Wilkins,0.08333333333333333,12.0,0.4070363342653974,7.0
342,1989,Hakeem Olajuwon,0.75,4.0,0.6682689011662984,2.0
361,1989,Isiah Thomas,0.16666666666666666,11.0,0.18864060455626774,17.0
386,1989,James Worthy,0.08333333333333333,12.0,0.2691488709737354,14.0
437,1989,John Stockton,0.5833333333333334,6.0,0.4024302329312929,8.0
469,1989,Kareem Abdul-Jabbar,0.08333333333333333,12.0,0.11657728369297449,21.0
471,1989,Karl Malone,0.9166666666666666,2.0,0.5062915181187561,4.0
496,1989,Kevin Duckworth,0.08333333333333333,12.0,0.17964321878656453,18.0
532,1989,Kevin McHale,0.08333333333333333,12.0,0.15051383319703693,19.0
592,1989,Larry Nance,0.25,10.0,0.10657197173290289,22.0
635,1989,Mark Eaton,0.25,10.0,0.004176200368816052,24.0
636,1989,Mark Jackson,0.08333333333333333,12.0,0.12585023239983972,20.0
637,1989,Mark Price,0.4166666666666667,8.0,0.22381445754484564,15.0
657,1989,Michael Jordan,1.0,1.0,0.9310563208678656,1.0
686,1989,Moses Malone,0.25,10.0,0.39116160637280306,9.0
698,1989,Patrick Ewing,0.8333333333333334,3.0,0.33626028387646845,10.0
858,1989,Terry Cummings,0.16666666666666666,11.0,0.3260412194093175,12.0
884,1989,Tom Chambers,0.5,7.0,0.3281706958530589,11.0
0,1990,A.C. Green,0.08333333333333333,12.0,0.12323929833622899,20.0
131,1990,Charles Barkley,0.9166666666666666,2.0,0.5607921945778132,6.0
155,1990,Chris Mullin,0.08333333333333333,12.0,0.2687615161540991,14.0
176,1990,Clyde Drexler,0.25,10.0,0.35566553155098163,11.0
199,1990,David Robinson,0.6666666666666666,5.0,0.7697733017900092,1.0
223,1990,Dennis Rodman,0.08333333333333333,12.0,0.14872061726431568,19.0
265,1990,Dominique Wilkins,0.08333333333333333,12.0,0.385394309676157,10.0
300,1990,Fat Lever,0.08333333333333333,12.0,0.2831570452917292,13.0
343,1990,Hakeem Olajuwon,0.5833333333333334,6.0,0.6531168149532633,4.0
362,1990,Isiah Thomas,0.16666666666666666,11.0,0.24225949868487234,16.0
387,1990,James Worthy,0.08333333333333333,12.0,0.26503850117300815,15.0
421,1990,Joe Dumars,0.16666666666666666,11.0,0.2237665481488436,17.0
438,1990,John Stockton,0.4166666666666667,8.0,0.2853045152127281,12.0
522,1990,Kevin Johnson,0.08333333333333333,12.0,0.4736184480368722,7.0
533,1990,Kevin McHale,0.08333333333333333,12.0,0.1780695532568886,18.0
588,1990,Larry Bird,0.3333333333333333,9.0,0.4464910992870857,8.0
625,1990,Magic Johnson,1.0,1.0,0.7427744973875989,2.0
658,1990,Michael Jordan,0.8333333333333334,3.0,0.6888795019577985,3.0
699,1990,Patrick Ewing,0.75,4.0,0.5683241062923927,5.0
759,1990,Reggie Miller,0.08333333333333333,12.0,0.02990424223129523,23.0
779,1990,Robert Parish,0.08333333333333333,12.0,0.11139401291451506,21.0
784,1990,Rolando Blackman,0.08333333333333333,12.0,0.0483865230486758,22.0
798,1990,Scottie Pippen,0.08333333333333333,12.0,-0.14046104372128937,24.0
885,1990,Tom Chambers,0.5,7.0,0.40353492793373263,9.0
37,1991,Alvin Robertson,0.0625,16.0,0.07636074528690534,21.0
86,1991,Bernard King,0.1875,14.0,0.2197885065208141,16.0
101,1991,Brad Daugherty,0.0625,16.0,0.22969578847445865,15.0
132,1991,Charles Barkley,0.8125,4.0,0.5321376396259154,4.0
156,1991,Chris Mullin,0.0625,16.0,0.335586610411923,9.0
177,1991,Clyde Drexler,0.6875,6.0,0.2630335451503925,12.0
200,1991,David Robinson,0.875,3.0,0.8684674910872161,1.0
266,1991,Dominique Wilkins,0.5625,8.0,0.3331232570488681,10.0
350,1991,Hersey Hawkins,0.0625,16.0,0.09985145255845401,20.0
388,1991,James Worthy,0.0625,16.0,0.25953466388693874,13.0
422,1991,Joe Dumars,0.25,13.0,0.24285551608036832,14.0
439,1991,John Stockton,0.375,11.0,0.3378519550062436,8.0
472,1991,Karl Malone,0.75,5.0,0.46280254694269735,7.0
497,1991,Kevin Duckworth,0.0625,16.0,0.04273144335078888,22.0
523,1991,Kevin Johnson,0.625,7.0,0.5314756605627906,5.0
534,1991,Kevin McHale,0.125,15.0,-0.007433768365814275,24.0
626,1991,Magic Johnson,0.9375,2.0,0.7865523421495197,2.0
659,1991,Michael Jordan,1.0,1.0,0.7811787003705319,3.0
700,1991,Patrick Ewing,0.4375,10.0,0.5197150305506,6.0
770,1991,Ricky Pierce,0.0625,16.0,0.03315064142029206,23.0
780,1991,Robert Parish,0.3125,12.0,0.20697090847917826,17.0
859,1991,Terry Porter,0.5,9.0,0.18337123356636204,18.0
876,1991,Tim Hardaway,0.125,15.0,0.29572879035922034,11.0
886,1991,Tom Chambers,0.0625,16.0,0.11768228097443517,19.0
102,1992,Brad Daugherty,0.23076923076923078,11.0,0.31367792912972986,10.0
133,1992,Charles Barkley,0.15384615384615385,12.0,0.5373333900295361,5.0
157,1992,Chris Mullin,0.6153846153846154,6.0,0.23028714081347884,13.0
178,1992,Clyde Drexler,0.9230769230769231,2.0,0.5027251580991869,7.0
189,1992,Dan Majerle,0.07692307692307693,13.0,0.06656461769440197,23.0
201,1992,David Robinson,0.8461538461538461,3.0,0.7825188866432509,2.0
224,1992,Dennis Rodman,0.3076923076923077,10.0,0.2421977575287056,12.0
237,1992,Dikembe Mutombo,0.07692307692307693,13.0,-0.04667686854046765,24.0
344,1992,Hakeem Olajuwon,0.07692307692307693,13.0,0.5338563131634455,6.0
363,1992,Isiah Thomas,0.07692307692307693,13.0,0.18015412960854432,17.0
389,1992,James Worthy,0.07692307692307693,13.0,0.30567125763074016,11.0
401,1992,Jeff Hornacek,0.07692307692307693,13.0,0.22037726539402597,15.0
423,1992,Joe Dumars,0.07692307692307693,13.0,0.12428257369179191,21.0
440,1992,John Stockton,0.15384615384615385,12.0,0.3705891771973793,9.0
473,1992,Karl Malone,0.7692307692307693,4.0,0.6499306370878539,3.0
535,1992,Kevin Willis,0.07692307692307693,13.0,0.22577168314781743,14.0
638,1992,Mark Price,0.5384615384615384,7.0,0.1994266899751747,16.0
651,1992,Michael Adams,0.07692307692307693,13.0,0.07633170727611654,22.0
660,1992,Michael Jordan,1.0,1.0,0.8141790457970242,1.0
695,1992,Otis Thorpe,0.07692307692307693,13.0,0.17995013608568483,18.0
701,1992,Patrick Ewing,0.6923076923076923,5.0,0.5923731580500853,4.0
758,1992,Reggie Lewis,0.07692307692307693,13.0,0.17327085372013157,19.0
799,1992,Scottie Pippen,0.38461538461538464,9.0,0.4262827513361654,8.0
877,1992,Tim Hardaway,0.46153846153846156,8.0,0.16493594298579778,20.0
103,1993,Brad Daugherty,0.2,9.0,0.1255449651770198,17.0
134,1993,Charles Barkley,1.0,1.0,0.6118044883420799,5.0
179,1993,Clyde Drexler,0.2,9.0,0.04662792624268436,22.0
190,1993,Dan Majerle,0.1,10.0,-0.07436105098289486,24.0
195,1993,Danny Manning,0.1,10.0,0.1534989284597606,16.0
202,1993,David Robinson,0.5,6.0,0.7063553618860743,3.0
232,1993,Detlef Schrempf,0.1,10.0,0.3186563873304414,10.0
267,1993,Dominique Wilkins,0.6,5.0,0.4609346696731001,8.0
345,1993,Hakeem Olajuwon,0.9,2.0,0.8384772103710594,2.0
364,1993,Isiah Thomas,0.1,10.0,0.09007131571949062,20.0
424,1993,Joe Dumars,0.2,9.0,0.07872428358874745,21.0
441,1993,John Stockton,0.2,9.0,0.2521477945286171,13.0
474,1993,Karl Malone,0.3,8.0,0.6749817934795947,4.0
589,1993,Larry Johnson,0.1,10.0,0.20680986723724631,15.0
593,1993,Larry Nance,0.1,10.0,0.12055439710136456,18.0
639,1993,Mark Price,0.3,8.0,0.3588358737594382,9.0
661,1993,Michael Jordan,0.8,3.0,0.8830018346606385,1.0
702,1993,Patrick Ewing,0.7,4.0,0.5583245421120528,6.0
800,1993,Scottie Pippen,0.1,10.0,0.27233524906561174,12.0
805,1993,Sean Elliott,0.1,10.0,-0.028284080207264972,23.0
807,1993,Shaquille O'Neal,0.4,7.0,0.5441352564195432,7.0
820,1993,Shawn Kemp,0.2,9.0,0.28549913726025183,11.0
860,1993,Terry Porter,0.1,10.0,0.09988989627132755,19.0
878,1993,Tim Hardaway,0.1,10.0,0.2238754108595123,14.0
73,1994,B.J. Armstrong,0.1,10.0,-0.1536677065212121,24.0
137,1994,Charles Oakley,0.1,10.0,0.2596835843270423,12.0
172,1994,Clifford Robinson,0.1,10.0,0.20063911005957602,14.0
180,1994,Clyde Drexler,0.1,10.0,0.09847039803947377,19.0
196,1994,Danny Manning,0.1,10.0,0.02479414653624412,22.0
203,1994,David Robinson,0.9,2.0,1.1974971473281424,1.0
228,1994,Derrick Coleman,0.1,10.0,0.28211731913712124,11.0
268,1994,Dominique Wilkins,0.2,9.0,0.22073679330413365,13.0
301,1994,Gary Payton,0.5,6.0,0.08999361074632584,20.0
346,1994,Hakeem Olajuwon,1.0,1.0,0.7391476721904905,3.0
351,1994,Horace Grant,0.1,10.0,0.1976625872638419,15.0
436,1994,John Starks,0.1,10.0,0.08277948320745276,21.0
442,1994,John Stockton,0.2,9.0,0.3517187392000164,8.0
475,1994,Karl Malone,0.4,7.0,0.5727195690743724,5.0
494,1994,Kenny Anderson,0.1,10.0,0.17714241586623525,17.0
524,1994,Kevin Johnson,0.2,9.0,0.29450807723676997,10.0
594,1994,Latrell Sprewell,0.2,9.0,-0.04370479431337804,23.0
640,1994,Mark Price,0.3,8.0,0.35455363769722903,6.0
672,1994,Mitch Richmond,0.1,10.0,0.1420715515806773,18.0
678,1994,Mookie Blaylock,0.2,9.0,0.17740846271261257,16.0
703,1994,Patrick Ewing,0.6,5.0,0.6400442743511189,4.0
801,1994,Scottie Pippen,0.8,3.0,0.3525521692395227,7.0
808,1994,Shaquille O'Neal,0.7,4.0,0.8573400488543325,2.0
821,1994,Shawn Kemp,0.4,7.0,0.3369773601472229,9.0
30,1995,Alonzo Mourning,0.09090909090909091,11.0,0.16755656717975403,17.0
51,1995,Anfernee Hardaway,0.18181818181818182,10.0,0.34733054940272273,12.0
135,1995,Charles Barkley,0.5454545454545454,6.0,0.44609657504121975,9.0
191,1995,Dan Majerle,0.09090909090909091,11.0,-0.0730116708003879,24.0
192,1995,Dana Barros,0.09090909090909091,11.0,0.7029549928503185,3.0
204,1995,David Robinson,1.0,1.0,1.0039795944290928,1.0
233,1995,Detlef Schrempf,0.09090909090909091,11.0,0.3533394668257825,11.0
238,1995,Dikembe Mutombo,0.09090909090909091,11.0,0.03233778043215357,21.0
302,1995,Gary Payton,0.2727272727272727,9.0,0.3759130620242627,10.0
330,1995,Grant Hill,0.09090909090909091,11.0,0.17611453111032466,16.0
347,1995,Hakeem Olajuwon,0.6363636363636364,5.0,0.6871605409436325,4.0
425,1995,Joe Dumars,0.09090909090909091,11.0,-0.0413634035475115,22.0
443,1995,John Stockton,0.36363636363636365,8.0,0.5600181153973791,5.0
476,1995,Karl Malone,0.8181818181818182,3.0,0.5286365388872083,6.0
590,1995,Larry Johnson,0.09090909090909091,11.0,0.11331722091142188,18.0
595,1995,Latrell Sprewell,0.09090909090909091,11.0,-0.050201688407246314,23.0
673,1995,Mitch Richmond,0.09090909090909091,11.0,0.18004346359304696,15.0
704,1995,Patrick Ewing,0.7272727272727273,4.0,0.4734990065379589,8.0
760,1995,Reggie Miller,0.09090909090909091,11.0,0.2720462310645599,13.0
802,1995,Scottie Pippen,0.45454545454545453,7.0,0.4837084343181414,7.0
809,1995,Shaquille O'Neal,0.9090909090909091,2.0,0.7361860485913168,2.0
822,1995,Shawn Kemp,0.09090909090909091,11.0,0.23749656115807743,14.0
903,1995,Tyrone Hill,0.09090909090909091,11.0,0.07805866410773893,20.0
906,1995,Vin Baker,0.09090909090909091,11.0,0.09651214069583153,19.0
31,1996,Alonzo Mourning,0.21428571428571427,12.0,0.47039650915058345,6.0
52,1996,Anfernee Hardaway,0.8571428571428571,3.0,0.43528844259793104,8.0
136,1996,Charles Barkley,0.2857142857142857,11.0,0.5046682463208625,5.0
181,1996,Clyde Drexler,0.07142857142857142,14.0,0.04464703655724506,21.0
205,1996,David Robinson,0.9285714285714286,2.0,0.8318062916596829,2.0
239,1996,Dikembe Mutombo,0.07142857142857142,14.0,-0.056283999547253105,24.0
303,1996,Gary Payton,0.6428571428571429,6.0,0.1896858926758624,18.0
323,1996,Glen Rice,0.07142857142857142,14.0,0.04089019836606539,22.0
331,1996,Grant Hill,0.42857142857142855,9.0,0.4680267509507358,7.0
348,1996,Hakeem Olajuwon,0.7857142857142857,4.0,0.5820503459759094,3.0
390,1996,Jason Kidd,0.07142857142857142,14.0,0.28767009467247634,13.0
444,1996,John Stockton,0.35714285714285715,10.0,0.28752807767710337,14.0
460,1996,Juwan Howard,0.07142857142857142,14.0,-0.023279422376339343,23.0
477,1996,Karl Malone,0.5714285714285714,7.0,0.5427248669293987,4.0
662,1996,Michael Jordan,1.0,1.0,0.8679152437310278,1.0
674,1996,Mitch Richmond,0.14285714285714285,13.0,0.3122206253406658,12.0
705,1996,Patrick Ewing,0.07142857142857142,14.0,0.3964417381424083,9.0
761,1996,Reggie Miller,0.07142857142857142,14.0,0.21888464309545824,17.0
803,1996,Scottie Pippen,0.7142857142857143,5.0,0.3228942980466,11.0
806,1996,Sean Elliott,0.07142857142857142,14.0,0.1490651092622612,20.0
810,1996,Shaquille O'Neal,0.42857142857142855,9.0,0.25842919928737146,15.0
823,1996,Shawn Kemp,0.5,8.0,0.2434764926516037,16.0
855,1996,Terrell Brandon,0.14285714285714285,13.0,0.37891948815120585,10.0
907,1996,Vin Baker,0.07142857142857142,14.0,0.17213392429135282,19.0
53,1997,Anfernee Hardaway,0.09090909090909091,11.0,0.1891751307508282,15.0
152,1997,Chris Gatling,0.09090909090909091,11.0,0.186643002573265,16.0
167,1997,Chris Webber,0.09090909090909091,11.0,0.30223162803106857,12.0
171,1997,Christian Laettner,0.09090909090909091,11.0,0.17184751677503368,17.0
234,1997,Detlef Schrempf,0.09090909090909091,11.0,0.0943462560138239,22.0
240,1997,Dikembe Mutombo,0.2727272727272727,9.0,0.126370658788647,21.0
294,1997,Eddie Jones,0.09090909090909091,11.0,0.08573316873794806,23.0
304,1997,Gary Payton,0.5454545454545454,6.0,0.3943722510418463,7.0
324,1997,Glen Rice,0.6363636363636364,5.0,0.13266716833125497,20.0
332,1997,Grant Hill,0.8181818181818182,3.0,0.7502427513566825,3.0
349,1997,Hakeem Olajuwon,0.45454545454545453,7.0,0.48295277310019696,5.0
426,1997,Joe Dumars,0.09090909090909091,11.0,0.16919016574122975,18.0
445,1997,John Stockton,0.2727272727272727,9.0,0.34861847341911084,10.0
478,1997,Karl Malone,1.0,1.0,0.7823814914705334,1.0
508,1997,Kevin Garnett,0.09090909090909091,11.0,-0.10149048840200453,24.0
596,1997,Latrell Sprewell,0.09090909090909091,11.0,0.2611296070982287,13.0
663,1997,Michael Jordan,0.9090909090909091,2.0,0.7793951021843266,2.0
675,1997,Mitch Richmond,0.2727272727272727,9.0,0.42720538701572036,6.0
804,1997,Scottie Pippen,0.36363636363636365,8.0,0.3634702618868057,9.0
824,1997,Shawn Kemp,0.09090909090909091,11.0,0.15755527456606683,19.0
856,1997,Terrell Brandon,0.09090909090909091,11.0,0.38170821558476814,8.0
879,1997,Tim Hardaway,0.7272727272727273,4.0,0.5879936331433153,4.0
887,1997,Tom Gugliotta,0.18181818181818182,10.0,0.19007746224299876,14.0
908,1997,Vin Baker,0.09090909090909091,11.0,0.3105755289269207,11.0
54,1998,Anfernee Hardaway,0.06666666666666667,15.0,-0.0638411479498609,24.0
64,1998,Antoine Walker,0.3333333333333333,11.0,0.1615750695354427,18.0
206,1998,David Robinson,0.6,7.0,0.8319334628378647,2.0
241,1998,Dikembe Mutombo,0.06666666666666667,15.0,0.2111922343556762,13.0
295,1998,Eddie Jones,0.06666666666666667,15.0,0.19520598059722033,15.0
305,1998,Gary Payton,0.8666666666666667,3.0,0.4258141487176181,8.0
325,1998,Glen Rice,0.4,10.0,0.10638639811969369,20.0
333,1998,Grant Hill,0.4666666666666667,9.0,0.5909251257217512,6.0
391,1998,Jason Kidd,0.26666666666666666,12.0,0.29468041469804035,11.0
400,1998,Jayson Williams,0.06666666666666667,15.0,0.014201552753602298,23.0
479,1998,Karl Malone,0.9333333333333333,2.0,0.7765279792587854,3.0
509,1998,Kevin Garnett,0.06666666666666667,15.0,0.2911076628491264,12.0
545,1998,Kobe Bryant,0.06666666666666667,15.0,0.04885241973887172,22.0
664,1998,Michael Jordan,1.0,1.0,0.8663410211828455,1.0
676,1998,Mitch Richmond,0.2,13.0,0.3689961828836749,9.0
687,1998,Nick Van Exel,0.06666666666666667,15.0,0.19901937112404994,14.0
762,1998,Reggie Miller,0.13333333333333333,14.0,0.33837734885997633,10.0
771,1998,Rik Smits,0.13333333333333333,14.0,0.05713016785062791,21.0
811,1998,Shaquille O'Neal,0.8,4.0,0.7211145557449163,4.0
825,1998,Shawn Kemp,0.06666666666666667,15.0,0.12612736645638506,19.0
854,1998,Steve Smith,0.06666666666666667,15.0,0.185462399718117,16.0
861,1998,Tim Duncan,0.7333333333333333,5.0,0.676055459211566,5.0
880,1998,Tim Hardaway,0.6666666666666666,6.0,0.5186059559569549,7.0
909,1998,Vin Baker,0.5333333333333333,8.0,0.17488905860369414,17.0
19,2000,Allan Houston,0.07142857142857142,14.0,0.033130358239385205,23.0
21,2000,Allen Iverson,0.5714285714285714,7.0,0.33630281274377666,11.0
32,2000,Alonzo Mourning,0.8571428571428571,3.0,0.4484227842225104,9.0
168,2000,Chris Webber,0.42857142857142855,9.0,0.46657505676952354,6.0
183,2000,Dale Davis,0.07142857142857142,14.0,-0.012514145382885145,24.0
207,2000,David Robinson,0.07142857142857142,14.0,0.5466050220271321,5.0
242,2000,Dikembe Mutombo,0.07142857142857142,14.0,0.12397738617650106,16.0
296,2000,Eddie Jones,0.07142857142857142,14.0,0.04039952544402553,21.0
306,2000,Gary Payton,0.6428571428571429,6.0,0.64678529417264,4.0
326,2000,Glenn Robinson,0.07142857142857142,14.0,0.04016918548060261,22.0
334,2000,Grant Hill,0.5,8.0,0.46647496275263706,7.0
392,2000,Jason Kidd,0.2857142857142857,11.0,0.2513462711547115,15.0
411,2000,Jerry Stackhouse,0.07142857142857142,14.0,0.0640980016490525,19.0
446,2000,John Stockton,0.07142857142857142,14.0,0.2753342418919496,14.0
480,2000,Karl Malone,0.7857142857142857,4.0,0.7281660096620848,2.0
510,2000,Kevin Garnett,0.9285714285714286,2.0,0.45811597211681004,8.0
546,2000,Kobe Bryant,0.21428571428571427,12.0,0.35117432433719614,10.0
652,2000,Michael Finley,0.14285714285714285,13.0,0.08041679970377885,18.0
744,2000,Rasheed Wallace,0.07142857142857142,14.0,0.054295432443348945,20.0
748,2000,Ray Allen,0.07142857142857142,14.0,0.27811868398324663,13.0
763,2000,Reggie Miller,0.14285714285714285,13.0,0.10095335543186451,17.0
812,2000,Shaquille O'Neal,1.0,1.0,1.1409581433771003,1.0
862,2000,Tim Duncan,0.7142857142857143,5.0,0.7011598715556269,3.0
910,2000,Vince Carter,0.35714285714285715,10.0,0.3049587301239521,12.0
20,2001,Allan Houston,0.08333333333333333,12.0,0.1461614905697965,18.0
22,2001,Allen Iverson,1.0,1.0,0.5783373856266403,4.0
63,2001,Anthony Mason,0.16666666666666666,11.0,0.25378797733679986,15.0
67,2001,Antonio Davis,0.08333333333333333,12.0,-0.17562999312889277,24.0
68,2001,Antonio McDyess,0.08333333333333333,12.0,0.1249554161100272,19.0
169,2001,Chris Webber,0.8333333333333334,3.0,0.530179693006688,6.0
208,2001,David Robinson,0.3333333333333333,9.0,0.35486710155197526,13.0
243,2001,Dikembe Mutombo,0.08333333333333333,12.0,0.07643580133986999,20.0
307,2001,Gary Payton,0.08333333333333333,12.0,0.4420057277500868,9.0
327,2001,Glenn Robinson,0.08333333333333333,12.0,0.2082673013870257,17.0
393,2001,Jason Kidd,0.5,7.0,0.3873970184016721,12.0
412,2001,Jerry Stackhouse,0.25,10.0,0.6311230839724553,2.0
481,2001,Karl Malone,0.5833333333333334,6.0,0.5168628624406049,7.0
511,2001,Kevin Garnett,0.75,4.0,0.41363755714275013,11.0
547,2001,Kobe Bryant,0.4166666666666667,8.0,0.456789522419684,8.0
597,2001,Latrell Sprewell,0.08333333333333333,12.0,0.01745615760347702,22.0
653,2001,Michael Finley,0.16666666666666666,11.0,0.05418294588486189,21.0
745,2001,Rasheed Wallace,0.08333333333333333,12.0,0.2257095850249024,16.0
749,2001,Ray Allen,0.3333333333333333,9.0,0.5390465486662501,5.0
842,2001,Stephon Marbury,0.08333333333333333,12.0,0.28636473203147345,14.0
863,2001,Tim Duncan,0.9166666666666666,2.0,0.5846714589702637,3.0
894,2001,Tracy McGrady,0.6666666666666666,5.0,0.6847208279857009,1.0
911,2001,Vince Carter,0.3333333333333333,9.0,0.4362363307200789,10.0
917,2001,Vlade Divac,0.08333333333333333,12.0,-0.046697071936193046,23.0
23,2002,Allen Iverson,0.46153846153846156,8.0,0.5243648716912445,5.0
33,2002,Alonzo Mourning,0.07692307692307693,13.0,0.052114322773516464,21.0
65,2002,Antoine Walker,0.07692307692307693,13.0,0.20378725103401207,16.0
75,2002,Baron Davis,0.07692307692307693,13.0,0.24363611662392926,15.0
170,2002,Chris Webber,0.6153846153846154,6.0,0.3330901337884852,10.0
244,2002,Dikembe Mutombo,0.07692307692307693,13.0,0.0970960032711018,20.0
245,2002,Dirk Nowitzki,0.5384615384615384,7.0,0.36858360635838194,8.0
297,2002,Elton Brand,0.15384615384615385,12.0,0.29975691065274346,13.0
308,2002,Gary Payton,0.6923076923076923,5.0,0.5062289202386664,6.0
394,2002,Jason Kidd,0.9230769230769231,2.0,0.31998613002471343,11.0
406,2002,Jermaine O'Neal,0.07692307692307693,13.0,-0.022869176256196666,22.0
512,2002,Kevin Garnett,0.3076923076923077,10.0,0.5942484053282696,3.0
548,2002,Kobe Bryant,0.7692307692307693,4.0,0.5811000874442952,4.0
665,2002,Michael Jordan,0.3076923076923077,10.0,0.36307310999997056,9.0
722,2002,Paul Pierce,0.38461538461538464,9.0,0.4921012475084835,7.0
733,2002,Peja Stojakovic,0.15384615384615385,12.0,0.11919822992413442,19.0
750,2002,Ray Allen,0.07692307692307693,13.0,0.30277678632242255,12.0
819,2002,Shareef Abdur-Rahim,0.07692307692307693,13.0,0.20150580847180477,17.0
844,2002,Steve Francis,0.07692307692307693,13.0,0.16310301692859908,18.0
847,2002,Steve Nash,0.23076923076923078,11.0,0.29690020253943017,14.0
864,2002,Tim Duncan,1.0,1.0,0.9994132071659833,1.0
895,2002,Tracy McGrady,0.8461538461538461,3.0,0.6418683974733851,2.0
918,2002,Wally Szczerbiak,0.07692307692307693,13.0,-0.17042973773667158,23.0
24,2003,Allen Iverson,0.5454545454545454,6.0,0.43195298158168255,7.0
66,2003,Antoine Walker,0.09090909090909091,11.0,0.03134359647203594,21.0
79,2003,Ben Wallace,0.36363636363636365,8.0,0.3168735534939718,13.0
104,2003,Brad Miller,0.09090909090909091,11.0,-0.04353270409654003,22.0
246,2003,Dirk Nowitzki,0.45454545454545453,7.0,0.5719777317206738,6.0
309,2003,Gary Payton,0.09090909090909091,11.0,0.1555721147052314,19.0
373,2003,Jamal Mashburn,0.18181818181818182,10.0,0.19350217006963005,15.0
395,2003,Jason Kidd,0.2727272727272727,9.0,0.422264340177728,8.0
407,2003,Jermaine O'Neal,0.09090909090909091,11.0,0.18485383598619803,16.0
513,2003,Kevin Garnett,0.9090909090909091,2.0,0.5959790210361664,5.0
549,2003,Kobe Bryant,0.8181818181818182,3.0,0.703637230041247,3.0
666,2003,Michael Jordan,0.09090909090909091,11.0,0.15905942987041938,18.0
723,2003,Paul Pierce,0.18181818181818182,10.0,0.41844676406479137,9.0
734,2003,Peja Stojakovic,0.09090909090909091,11.0,0.1773355311073122,17.0
813,2003,Shaquille O'Neal,0.6363636363636364,5.0,0.6476109852922693,4.0
826,2003,Shawn Marion,0.09090909090909091,11.0,0.38041111286208645,10.0
843,2003,Stephon Marbury,0.09090909090909091,11.0,0.2982637318013222,14.0
845,2003,Steve Francis,0.09090909090909091,11.0,0.3338596758283732,12.0
848,2003,Steve Nash,0.18181818181818182,10.0,0.34618775575956745,11.0
865,2003,Tim Duncan,1.0,1.0,0.7357354785384107,2.0
896,2003,Tracy McGrady,0.7272727272727273,4.0,0.8185416133472447,1.0
912,2003,Vince Carter,0.09090909090909091,11.0,-0.14971050898059518,24.0
923,2003,Yao Ming,0.09090909090909091,11.0,-0.0844434248901304,23.0
931,2003,Zydrunas Ilgauskas,0.09090909090909091,11.0,0.0642446648751705,20.0
25,2004,Allen Iverson,0.08333333333333333,12.0,0.2815738068364098,11.0
47,2004,Andrei Kirilenko,0.25,10.0,0.43094754449315503,6.0
76,2004,Baron Davis,0.3333333333333333,9.0,0.1861251662037276,19.0
80,2004,Ben Wallace,0.5,7.0,0.3490704683442701,7.0
105,2004,Brad Miller,0.08333333333333333,12.0,0.06064151533017964,21.0
247,2004,Dirk Nowitzki,0.3333333333333333,9.0,0.19492912523377443,18.0
370,2004,Jamaal Magloire,0.08333333333333333,12.0,-0.10356922417919207,24.0
396,2004,Jason Kidd,0.4166666666666667,8.0,0.3274262813890701,8.0
408,2004,Jermaine O'Neal,0.8333333333333334,3.0,0.2636984625998949,14.0
495,2004,Kenyon Martin,0.08333333333333333,12.0,-0.03640275884164196,23.0
514,2004,Kevin Garnett,1.0,1.0,0.9459360365205967,1.0
550,2004,Kobe Bryant,0.6666666666666666,5.0,0.48095262608125183,5.0
650,2004,Metta World Peace,0.08333333333333333,12.0,0.035256720711448974,22.0
667,2004,Michael Redd,0.16666666666666666,11.0,0.28460372231687786,10.0
724,2004,Paul Pierce,0.08333333333333333,12.0,0.23564480064619603,15.0
735,2004,Peja Stojakovic,0.75,4.0,0.3272886531183204,9.0
751,2004,Ray Allen,0.08333333333333333,12.0,0.28058396728441864,12.0
797,2004,Sam Cassell,0.3333333333333333,9.0,0.278988030337122,13.0
814,2004,Shaquille O'Neal,0.5833333333333334,6.0,0.5409289522051395,4.0
846,2004,Steve Francis,0.08333333333333333,12.0,0.08987828854036622,20.0
866,2004,Tim Duncan,0.9166666666666666,2.0,0.9071408089664501,2.0
897,2004,Tracy McGrady,0.08333333333333333,12.0,0.5695378074312785,3.0
913,2004,Vince Carter,0.08333333333333333,12.0,0.23188955227737013,16.0
924,2004,Yao Ming,0.16666666666666666,11.0,0.23066589014205335,17.0
26,2005,Allen Iverson,0.7142857142857143,5.0,0.5317837057820078,5.0
38,2005,Amar'e Stoudemire,0.42857142857142855,9.0,0.39284360668466783,11.0
55,2005,Antawn Jamison,0.07142857142857142,14.0,-0.06848266219975235,24.0
81,2005,Ben Wallace,0.07142857142857142,14.0,0.19947178646430425,20.0
248,2005,Dirk Nowitzki,0.8571428571428571,3.0,0.5977746165756095,3.0
281,2005,Dwyane Wade,0.5,8.0,0.39159095643731584,12.0
320,2005,Gilbert Arenas,0.2857142857142857,11.0,0.23063029323498435,16.0
335,2005,Grant Hill,0.07142857142857142,14.0,0.14250387092126354,21.0
409,2005,Jermaine O'Neal,0.07142857142857142,14.0,0.10983690261173601,22.0
515,2005,Kevin Garnett,0.35714285714285715,10.0,0.7602864021607765,1.0
551,2005,Kobe Bryant,0.07142857142857142,14.0,0.442370068893755,8.0
598,2005,LeBron James,0.6428571428571429,6.0,0.7247293733499909,2.0
627,2005,Manu Ginobili,0.07142857142857142,14.0,0.2636749032003571,13.0
725,2005,Paul Pierce,0.07142857142857142,14.0,0.23467317308220353,15.0
742,2005,Rashard Lewis,0.07142857142857142,14.0,0.2071655026300085,18.0
752,2005,Ray Allen,0.42857142857142855,9.0,0.408641580440193,10.0
815,2005,Shaquille O'Neal,0.9285714285714286,2.0,0.43790086794070143,9.0
827,2005,Shawn Marion,0.14285714285714285,13.0,0.25093802518756897,14.0
849,2005,Steve Nash,1.0,1.0,0.4553490797061421,7.0
867,2005,Tim Duncan,0.7857142857142857,4.0,0.47864789063533303,6.0
898,2005,Tracy McGrady,0.5714285714285714,7.0,0.553193298339469,4.0
914,2005,Vince Carter,0.21428571428571427,12.0,0.22881518100723847,17.0
925,2005,Yao Ming,0.07142857142857142,14.0,0.20610366433948352,19.0
932,2005,Zydrunas Ilgauskas,0.07142857142857142,14.0,-0.04832238546100248,23.0
27,2006,Allen Iverson,0.18181818181818182,10.0,0.6034308026639272,5.0
82,2006,Ben Wallace,0.09090909090909091,11.0,0.1582456131220389,19.0
138,2006,Chauncey Billups,0.6363636363636364,5.0,0.3521036841857259,10.0
143,2006,Chris Bosh,0.09090909090909091,11.0,0.04431077753563306,22.0
249,2006,Dirk Nowitzki,0.8181818181818182,3.0,0.6314759101380552,3.0
282,2006,Dwyane Wade,0.5454545454545454,6.0,0.6110489409972835,4.0
298,2006,Elton Brand,0.45454545454545453,7.0,0.46100566303286916,7.0
321,2006,Gilbert Arenas,0.09090909090909091,11.0,0.28328345705947333,16.0
516,2006,Kevin Garnett,0.09090909090909091,11.0,0.49874157585165824,6.0
552,2006,Kobe Bryant,0.7272727272727273,4.0,0.8080892041936969,1.0
599,2006,LeBron James,0.9090909090909091,2.0,0.7050188710622822,2.0
706,2006,Pau Gasol,0.09090909090909091,11.0,0.30913563792657817,12.0
726,2006,Paul Pierce,0.09090909090909091,11.0,0.3090415680386349,13.0
746,2006,Rasheed Wallace,0.09090909090909091,11.0,0.006919692168116054,23.0
753,2006,Ray Allen,0.09090909090909091,11.0,0.3461226349470272,11.0
766,2006,Richard Hamilton,0.09090909090909091,11.0,-0.12505309230550177,24.0
816,2006,Shaquille O'Neal,0.09090909090909091,11.0,0.155980116870841,20.0
828,2006,Shawn Marion,0.18181818181818182,10.0,0.2860281650239691,15.0
850,2006,Steve Nash,1.0,1.0,0.37917285688965796,9.0
868,2006,Tim Duncan,0.36363636363636365,8.0,0.4310985956646838,8.0
888,2006,Tony Parker,0.2727272727272727,9.0,0.15210771798550615,21.0
899,2006,Tracy McGrady,0.09090909090909091,11.0,0.23271115417728572,17.0
915,2006,Vince Carter,0.09090909090909091,11.0,0.1940749201363352,18.0
926,2006,Yao Ming,0.09090909090909091,11.0,0.3073904493339561,14.0
39,2007,Amar'e Stoudemire,0.25,10.0,0.297456355997012,13.0
117,2007,Carmelo Anthony,0.16666666666666666,11.0,0.1798706776210947,16.0
127,2007,Caron Butler,0.08333333333333333,12.0,-0.025960936502686327,23.0
139,2007,Chauncey Billups,0.3333333333333333,9.0,0.30052976152305017,12.0
144,2007,Chris Bosh,0.5833333333333334,6.0,0.16864588273355546,17.0
250,2007,Dirk Nowitzki,1.0,1.0,0.733113160188479,1.0
273,2007,Dwight Howard,0.08333333333333333,12.0,0.3819145295722974,8.0
283,2007,Dwyane Wade,0.25,10.0,0.5311685918814801,7.0
322,2007,Gilbert Arenas,0.5,7.0,0.3278473603780567,9.0
410,2007,Jermaine O'Neal,0.08333333333333333,12.0,0.16028597177759546,18.0
427,2007,Joe Johnson,0.08333333333333333,12.0,0.0669197422876932,20.0
451,2007,Josh Howard,0.08333333333333333,12.0,0.10644878508378336,19.0
517,2007,Kevin Garnett,0.4166666666666667,8.0,0.5405497541895257,6.0
553,2007,Kobe Bryant,0.9166666666666666,2.0,0.7297446596897699,3.0
600,2007,LeBron James,0.75,4.0,0.7296257391352283,4.0
649,2007,Mehmet Okur,0.08333333333333333,12.0,-0.1548785414094896,24.0
754,2007,Ray Allen,0.08333333333333333,12.0,0.32240165274319404,10.0
767,2007,Richard Hamilton,0.08333333333333333,12.0,0.05478344008710517,21.0
817,2007,Shaquille O'Neal,0.25,10.0,0.010358705576065386,22.0
829,2007,Shawn Marion,0.08333333333333333,12.0,0.2626377466757203,14.0
869,2007,Tim Duncan,0.8333333333333334,3.0,0.7312503663302705,2.0
889,2007,Tony Parker,0.16666666666666666,11.0,0.3042346137019278,11.0
900,2007,Tracy McGrady,0.6666666666666666,5.0,0.5533502508232842,5.0
916,2007,Vince Carter,0.08333333333333333,12.0,0.2191897532494222,15.0
28,2008,Allen Iverson,0.09090909090909091,11.0,0.2632012664764341,12.0
40,2008,Amar'e Stoudemire,0.6363636363636364,5.0,0.4101954409595033,8.0
56,2008,Antawn Jamison,0.18181818181818182,10.0,0.2087946708581308,15.0
109,2008,Brandon Roy,0.09090909090909091,11.0,0.07157462020102462,21.0
116,2008,Carlos Boozer,0.18181818181818182,10.0,0.23747213178733323,13.0
118,2008,Carmelo Anthony,0.2727272727272727,9.0,0.12404653601986643,19.0
140,2008,Chauncey Billups,0.09090909090909091,11.0,0.45030822791743735,7.0
145,2008,Chris Bosh,0.09090909090909091,11.0,0.2817326134808605,11.0
158,2008,Chris Paul,0.9090909090909091,2.0,0.6207146947365254,3.0
210,2008,David West,0.09090909090909091,11.0,0.19406913061032133,17.0
251,2008,Dirk Nowitzki,0.36363636363636365,8.0,0.48124009441914045,5.0
274,2008,Dwight Howard,0.7272727272727273,4.0,0.4794453662943193,6.0
284,2008,Dwyane Wade,0.09090909090909091,11.0,0.23702822538137075,14.0
397,2008,Jason Kidd,0.09090909090909091,11.0,0.19020628201524464,18.0
428,2008,Joe Johnson,0.09090909090909091,11.0,0.011808061160243188,24.0
554,2008,Kobe Bryant,1.0,1.0,0.6327387824143693,2.0
601,2008,LeBron James,0.8181818181818182,3.0,0.8648171344937532,1.0
727,2008,Paul Pierce,0.18181818181818182,10.0,0.20091662981160657,16.0
747,2008,Rasheed Wallace,0.18181818181818182,10.0,0.10487778176655188,20.0
755,2008,Ray Allen,0.09090909090909091,11.0,0.0593627815205105,22.0
768,2008,Richard Hamilton,0.09090909090909091,11.0,0.05587506436562767,23.0
851,2008,Steve Nash,0.45454545454545453,7.0,0.35668540277850075,9.0
870,2008,Tim Duncan,0.5454545454545454,6.0,0.5635347805459128,4.0
927,2008,Yao Ming,0.09090909090909091,11.0,0.3558385711643746,10.0
29,2009,Allen Iverson,0.08333333333333333,12.0,-0.003640485782376468,24.0
41,2009,Amar'e Stoudemire,0.08333333333333333,12.0,0.21126290282889965,16.0
110,2009,Brandon Roy,0.3333333333333333,9.0,0.31996191322877404,9.0
141,2009,Chauncey Billups,0.5833333333333334,6.0,0.058392629219291725,23.0
159,2009,Chris Paul,0.6666666666666666,5.0,0.7278010609771788,3.0
194,2009,Danny Granger,0.08333333333333333,12.0,0.22165557990003787,15.0
211,2009,David West,0.08333333333333333,12.0,0.18722377706196663,18.0
236,2009,Devin Harris,0.08333333333333333,12.0,0.09936718816086237,20.0
252,2009,Dirk Nowitzki,0.25,10.0,0.3857887993617272,8.0
275,2009,Dwight Howard,0.75,4.0,0.5988264883976844,4.0
285,2009,Dwyane Wade,0.8333333333333334,3.0,0.8383047549323455,2.0
429,2009,Joe Johnson,0.08333333333333333,12.0,0.060530609828810034,22.0
518,2009,Kevin Garnett,0.08333333333333333,12.0,0.24400248296159827,12.0
555,2009,Kobe Bryant,0.9166666666666666,2.0,0.5633339308663712,5.0
602,2009,LeBron James,1.0,1.0,0.9101620721860049,1.0
677,2009,Mo Williams,0.08333333333333333,12.0,0.09119560658498255,21.0
707,2009,Pau Gasol,0.08333333333333333,12.0,0.3128246164343626,10.0
728,2009,Paul Pierce,0.5,7.0,0.16303448374501567,19.0
743,2009,Rashard Lewis,0.08333333333333333,12.0,0.2346941572373215,13.0
756,2009,Ray Allen,0.08333333333333333,12.0,0.20259580278436612,17.0
818,2009,Shaquille O'Neal,0.08333333333333333,12.0,0.25284750799826167,11.0
871,2009,Tim Duncan,0.25,10.0,0.48628647795910535,6.0
890,2009,Tony Parker,0.4166666666666667,8.0,0.45931868909624324,7.0
928,2009,Yao Ming,0.16666666666666666,11.0,0.22841641840565113,14.0
6,2010,Al Horford,0.09090909090909091,11.0,-0.1555156489859406,24.0
42,2010,Amar'e Stoudemire,0.2727272727272727,9.0,0.3283545530997707,10.0
119,2010,Carmelo Anthony,0.6363636363636364,5.0,0.16587613561959746,17.0
142,2010,Chauncey Billups,0.18181818181818182,10.0,0.17916062907728691,15.0
146,2010,Chris Bosh,0.18181818181818182,10.0,0.29590655733700477,12.0
153,2010,Chris Kaman,0.09090909090909091,11.0,0.11138318425459137,20.0
197,2010,David Lee,0.09090909090909091,11.0,0.3067167894336216,11.0
225,2010,Deron Williams,0.36363636363636365,8.0,0.1594315382852891,18.0
229,2010,Derrick Rose,0.09090909090909091,11.0,0.253429793154637,13.0
253,2010,Dirk Nowitzki,0.5454545454545454,6.0,0.41493352141610207,7.0
276,2010,Dwight Howard,0.8181818181818182,3.0,0.5223672540790993,4.0
286,2010,Dwyane Wade,0.7272727272727273,4.0,0.7660380821154569,2.0
315,2010,Gerald Wallace,0.09090909090909091,11.0,0.1447264223920819,19.0
398,2010,Jason Kidd,0.09090909090909091,11.0,0.38998082431693537,9.0
430,2010,Joe Johnson,0.18181818181818182,10.0,0.07063782585318212,21.0
498,2010,Kevin Durant,0.9090909090909091,2.0,0.7431158963791653,3.0
519,2010,Kevin Garnett,0.09090909090909091,11.0,0.06441089475040873,22.0
603,2010,LeBron James,1.0,1.0,0.9741125983629353,1.0
708,2010,Pau Gasol,0.09090909090909091,11.0,0.4132435036705282,8.0
729,2010,Paul Pierce,0.09090909090909091,11.0,0.056329572939503025,23.0
736,2010,Rajon Rondo,0.09090909090909091,11.0,0.17623700365471895,16.0
852,2010,Steve Nash,0.45454545454545453,7.0,0.43193918240366647,6.0
872,2010,Tim Duncan,0.09090909090909091,11.0,0.49890460088353383,5.0
929,2010,Zach Randolph,0.09090909090909091,11.0,0.24743608904579095,14.0
7,2011,Al Horford,0.08333333333333333,12.0,0.04012919079823846,22.0
43,2011,Amar'e Stoudemire,0.3333333333333333,9.0,0.1423010669833205,18.0
91,2011,Blake Griffin,0.25,10.0,0.27223392849245315,15.0
120,2011,Carmelo Anthony,0.08333333333333333,12.0,0.09645956389729499,19.0
147,2011,Chris Bosh,0.08333333333333333,12.0,0.1844480596756442,16.0
160,2011,Chris Paul,0.16666666666666666,11.0,0.4761845050356884,7.0
226,2011,Deron Williams,0.08333333333333333,12.0,0.029567603469642878,23.0
230,2011,Derrick Rose,1.0,1.0,0.6744829551754195,3.0
254,2011,Dirk Nowitzki,0.5833333333333334,6.0,0.3387374218437729,11.0
277,2011,Dwight Howard,0.9166666666666666,2.0,0.6892084301981343,2.0
287,2011,Dwyane Wade,0.5,7.0,0.5940203197647222,5.0
431,2011,Joe Johnson,0.08333333333333333,12.0,-0.18481135445077385,24.0
499,2011,Kevin Durant,0.6666666666666666,5.0,0.5627884009205375,6.0
520,2011,Kevin Garnett,0.08333333333333333,12.0,0.28561595523103606,14.0
525,2011,Kevin Love,0.08333333333333333,12.0,0.33199361191978355,12.0
556,2011,Kobe Bryant,0.75,4.0,0.6620108019122584,4.0
604,2011,LeBron James,0.8333333333333334,3.0,0.8212454108196696,1.0
628,2011,Manu Ginobili,0.4166666666666667,8.0,0.35765525618225397,10.0
709,2011,Pau Gasol,0.08333333333333333,12.0,0.44686217455281835,9.0
730,2011,Paul Pierce,0.08333333333333333,12.0,0.182211555461747,17.0
737,2011,Rajon Rondo,0.25,10.0,0.08383989497551042,21.0
757,2011,Ray Allen,0.08333333333333333,12.0,0.09536505906507259,20.0
788,2011,Russell Westbrook,0.08333333333333333,12.0,0.461377684696656,8.0
873,2011,Tim Duncan,0.08333333333333333,12.0,0.31839169094072745,13.0
46,2012,Andre Iguodala,0.07692307692307693,13.0,0.10691282478914765,20.0
48,2012,Andrew Bynum,0.07692307692307693,13.0,0.4189786524417364,8.0
92,2012,Blake Griffin,0.07692307692307693,13.0,0.35301585411512726,12.0
121,2012,Carmelo Anthony,0.07692307692307693,13.0,0.305416215564022,14.0
148,2012,Chris Bosh,0.07692307692307693,13.0,0.21202283156524893,17.0
161,2012,Chris Paul,0.8461538461538461,3.0,0.4902874459779546,5.0
227,2012,Deron Williams,0.07692307692307693,13.0,0.07796838745376455,21.0
231,2012,Derrick Rose,0.23076923076923078,11.0,0.17596770619171231,18.0
255,2012,Dirk Nowitzki,0.15384615384615385,12.0,0.35802203159333523,10.0
278,2012,Dwight Howard,0.5384615384615384,7.0,0.5686587370754373,3.0
288,2012,Dwyane Wade,0.3076923076923077,10.0,0.4768016449814073,6.0
500,2012,Kevin Durant,0.9230769230769231,2.0,0.70135483877253,2.0
526,2012,Kevin Love,0.6153846153846154,6.0,0.4428203337139244,7.0
557,2012,Kobe Bryant,0.7692307692307693,4.0,0.5414250713584884,4.0
573,2012,LaMarcus Aldridge,0.07692307692307693,13.0,0.2903867249213895,15.0
605,2012,LeBron James,1.0,1.0,0.9914771234677878,1.0
616,2012,Luol Deng,0.07692307692307693,13.0,-0.11180732106338176,24.0
629,2012,Marc Gasol,0.07692307692307693,13.0,0.027548203909517288,22.0
731,2012,Paul Pierce,0.07692307692307693,13.0,0.24015267720015665,16.0
738,2012,Rajon Rondo,0.46153846153846156,8.0,0.15047664904919522,19.0
785,2012,Roy Hibbert,0.07692307692307693,13.0,-0.03726545617259169,23.0
789,2012,Russell Westbrook,0.15384615384615385,12.0,0.3556172598713224,11.0
853,2012,Steve Nash,0.38461538461538464,9.0,0.40854441557108523,9.0
891,2012,Tony Parker,0.6923076923076923,5.0,0.3376063068358085,13.0
93,2013,Blake Griffin,0.08333333333333333,12.0,0.28282353986524955,13.0
111,2013,Brook Lopez,0.08333333333333333,12.0,0.24048734524932203,15.0
122,2013,Carmelo Anthony,0.8333333333333334,3.0,0.43137546103535984,6.0
149,2013,Chris Bosh,0.08333333333333333,12.0,0.08801765196180755,23.0
162,2013,Chris Paul,0.75,4.0,0.41012285564998907,8.0
198,2013,David Lee,0.16666666666666666,11.0,0.4071694516343186,9.0
279,2013,Dwight Howard,0.08333333333333333,12.0,0.3247198256618603,12.0
289,2013,Dwyane Wade,0.25,10.0,0.3280875004417553,11.0
375,2013,James Harden,0.4166666666666667,8.0,0.4964224321430365,5.0
418,2013,Joakim Noah,0.16666666666666666,11.0,0.18506853035215587,18.0
452,2013,Jrue Holiday,0.08333333333333333,12.0,0.15981517504791187,19.0
501,2013,Kevin Durant,0.9166666666666666,2.0,0.8676821521806787,2.0
521,2013,Kevin Garnett,0.16666666666666666,11.0,0.11648402395859281,22.0
558,2013,Kobe Bryant,0.6666666666666666,5.0,0.6199370358586848,3.0
567,2013,Kyrie Irving,0.08333333333333333,12.0,0.18667961000356714,17.0
574,2013,LaMarcus Aldridge,0.08333333333333333,12.0,0.2352825471087826,16.0
606,2013,LeBron James,1.0,1.0,1.0152943698823136,1.0
617,2013,Luol Deng,0.08333333333333333,12.0,0.08169687108612467,24.0
712,2013,Paul George,0.08333333333333333,12.0,0.13577317227564978,21.0
790,2013,Russell Westbrook,0.3333333333333333,9.0,0.5001160796368694,4.0
874,2013,Tim Duncan,0.5,7.0,0.38731201039637286,10.0
892,2013,Tony Parker,0.5833333333333334,6.0,0.4289543847424838,7.0
904,2013,Tyson Chandler,0.08333333333333333,12.0,0.13983798953437232,20.0
930,2013,Zach Randolph,0.08333333333333333,12.0,0.25929260646363306,14.0
57,2014,Anthony Davis,0.07142857142857142,14.0,0.13870753403290204,20.0
94,2014,Blake Griffin,0.8571428571428571,3.0,0.3709681193525385,8.0
123,2014,Carmelo Anthony,0.14285714285714285,13.0,0.5243630855225647,5.0
150,2014,Chris Bosh,0.07142857142857142,14.0,0.10879569361635655,22.0
163,2014,Chris Paul,0.5714285714285714,7.0,0.34753371241759945,9.0
185,2014,Damian Lillard,0.07142857142857142,14.0,0.17468826747182087,15.0
213,2014,DeMar DeRozan,0.07142857142857142,14.0,0.12362653065252838,21.0
256,2014,Dirk Nowitzki,0.21428571428571427,12.0,0.33567218890453754,11.0
280,2014,Dwight Howard,0.07142857142857142,14.0,0.285270861745913,12.0
290,2014,Dwyane Wade,0.07142857142857142,14.0,0.1526248776099366,17.0
376,2014,James Harden,0.7142857142857143,5.0,0.4614177988744914,6.0
419,2014,Joakim Noah,0.7857142857142857,4.0,0.3401443913497233,10.0
432,2014,Joe Johnson,0.07142857142857142,14.0,-0.0825568241093051,23.0
447,2014,John Wall,0.07142857142857142,14.0,0.1491754151144833,18.0
502,2014,Kevin Durant,1.0,1.0,0.8724394258193215,1.0
527,2014,Kevin Love,0.35714285714285715,10.0,0.6724245580651869,3.0
568,2014,Kyrie Irving,0.07142857142857142,14.0,0.20241551694749527,14.0
575,2014,LaMarcus Aldridge,0.42857142857142855,9.0,0.43173254753315726,7.0
607,2014,LeBron James,0.9285714285714286,2.0,0.7718396493615374,2.0
713,2014,Paul George,0.5,8.0,0.27310977297025696,13.0
718,2014,Paul Millsap,0.07142857142857142,14.0,0.1402514243421238,19.0
786,2014,Roy Hibbert,0.07142857142857142,14.0,-0.1780220578736489,24.0
836,2014,Stephen Curry,0.6428571428571429,6.0,0.6525199304786029,4.0
893,2014,Tony Parker,0.2857142857142857,11.0,0.15409657820583655,16.0
8,2015,Al Horford,0.1111111111111111,9.0,0.05977747367849251,23.0
124,2015,Carmelo Anthony,0.1111111111111111,9.0,0.19981993780116458,14.0
151,2015,Chris Bosh,0.1111111111111111,9.0,0.17528009335496908,18.0
164,2015,Chris Paul,0.5555555555555556,5.0,0.48247099123098114,6.0
186,2015,Damian Lillard,0.1111111111111111,9.0,0.3616852058917869,8.0
217,2015,DeMarcus Cousins,0.1111111111111111,9.0,0.5043962127825364,5.0
257,2015,Dirk Nowitzki,0.1111111111111111,9.0,0.0847196467318111,21.0
377,2015,James Harden,0.8888888888888888,2.0,0.8247427952270084,2.0
405,2015,Jeff Teague,0.1111111111111111,9.0,0.0015812694096678515,24.0
415,2015,Jimmy Butler,0.1111111111111111,9.0,0.17612739074577466,17.0
448,2015,John Wall,0.1111111111111111,9.0,0.23226797816876232,12.0
503,2015,Kevin Durant,0.1111111111111111,9.0,0.14051657353236469,19.0
540,2015,Klay Thompson,0.2222222222222222,8.0,0.2265125849649633,13.0
560,2015,Kyle Korver,0.1111111111111111,9.0,0.08123001730707646,22.0
561,2015,Kyle Lowry,0.1111111111111111,9.0,0.19140859591222015,15.0
569,2015,Kyrie Irving,0.1111111111111111,9.0,0.17928245460809766,16.0
576,2015,LaMarcus Aldridge,0.4444444444444444,6.0,0.5154827317706588,4.0
608,2015,LeBron James,0.7777777777777778,3.0,0.47926640600014825,7.0
630,2015,Marc Gasol,0.3333333333333333,7.0,0.2663694051694404,10.0
710,2015,Pau Gasol,0.1111111111111111,9.0,0.2534353638580581,11.0
719,2015,Paul Millsap,0.1111111111111111,9.0,0.10070869590783904,20.0
791,2015,Russell Westbrook,0.6666666666666666,4.0,0.934149815800721,1.0
837,2015,Stephen Curry,1.0,1.0,0.7270278223537173,3.0
875,2015,Tim Duncan,0.2222222222222222,8.0,0.28538030311308493,9.0
9,2016,Al Horford,0.1,10.0,-0.011782411235075119,24.0
44,2016,Andre Drummond,0.1,10.0,0.3541162865689524,8.0
58,2016,Anthony Davis,0.1,10.0,0.027008704893361324,22.0
125,2016,Carmelo Anthony,0.1,10.0,0.24064679676014528,15.0
165,2016,Chris Paul,0.5,6.0,0.35595343906986393,7.0
214,2016,DeMar DeRozan,0.1,10.0,0.19902223072010322,17.0
218,2016,DeMarcus Cousins,0.1,10.0,0.302367175054925,10.0
270,2016,Draymond Green,0.4,7.0,0.21574369244096608,16.0
291,2016,Dwyane Wade,0.1,10.0,0.27317721042065507,12.0
352,2016,Isaiah Thomas,0.1,10.0,0.3420209954415862,9.0
378,2016,James Harden,0.3,8.0,0.6144541442921958,4.0
449,2016,John Wall,0.1,10.0,0.1845828281034722,20.0
484,2016,Kawhi Leonard,0.9,2.0,0.4433400497131709,6.0
504,2016,Kevin Durant,0.6,5.0,0.7087708996986488,2.0
541,2016,Klay Thompson,0.1,10.0,0.026587302590925288,23.0
559,2016,Kobe Bryant,0.1,10.0,0.25201816455698584,14.0
562,2016,Kyle Lowry,0.2,9.0,0.19730553585502214,18.0
577,2016,LaMarcus Aldridge,0.1,10.0,0.28480783290039774,11.0
609,2016,LeBron James,0.8,3.0,0.5764003512021101,5.0
711,2016,Pau Gasol,0.1,10.0,0.19453577861956667,19.0
714,2016,Paul George,0.1,10.0,0.2707253566316434,13.0
720,2016,Paul Millsap,0.1,10.0,0.08630890324381774,21.0
792,2016,Russell Westbrook,0.7,4.0,0.6963775926587199,3.0
838,2016,Stephen Curry,1.0,1.0,0.8677674072763888,1.0
59,2017,Anthony Davis,0.3,8.0,0.38602105909654477,10.0
126,2017,Carmelo Anthony,0.1,10.0,-0.012580774686005103,22.0
212,2017,DeAndre Jordan,0.1,10.0,0.24778879623232336,14.0
215,2017,DeMar DeRozan,0.2,9.0,0.3394146453725238,12.0
219,2017,DeMarcus Cousins,0.1,10.0,0.3886194227528062,9.0
271,2017,Draymond Green,0.1,10.0,0.1205694425757951,15.0
316,2017,Giannis Antetokounmpo,0.4,7.0,0.4827229009420602,6.0
329,2017,Gordon Hayward,0.1,10.0,0.06774502341837768,17.0
353,2017,Isaiah Thomas,0.6,5.0,0.42467288871835757,7.0
379,2017,James Harden,0.9,2.0,0.7650967189979905,2.0
416,2017,Jimmy Butler,0.1,10.0,0.49948800137968413,5.0
450,2017,John Wall,0.4,7.0,0.2894249692447442,13.0
485,2017,Kawhi Leonard,0.8,3.0,0.5858019977067623,3.0
490,2017,Kemba Walker,0.1,10.0,-0.02074098999213908,23.0
505,2017,Kevin Durant,0.3,8.0,0.3670920867498875,11.0
542,2017,Klay Thompson,0.1,10.0,-0.10155771354306359,24.0
563,2017,Kyle Lowry,0.1,10.0,0.05835548046348543,18.0
570,2017,Kyrie Irving,0.1,10.0,0.04414214292506352,19.0
610,2017,LeBron James,0.7,4.0,0.5462051776048564,4.0
631,2017,Marc Gasol,0.1,10.0,0.07681017362068127,16.0
715,2017,Paul George,0.1,10.0,0.02266095272494334,20.0
721,2017,Paul Millsap,0.1,10.0,-0.0016354708483891645,21.0
793,2017,Russell Westbrook,1.0,1.0,1.1035989487066284,1.0
839,2017,Stephen Curry,0.5,6.0,0.40133093549325843,8.0
10,2018,Al Horford,0.07692307692307693,13.0,0.04568386770709004,21.0
45,2018,Andre Drummond,0.07692307692307693,13.0,0.2542131457422338,13.0
60,2018,Anthony Davis,0.8461538461538461,3.0,0.3284566816556444,9.0
106,2018,Bradley Beal,0.07692307692307693,13.0,-0.01147543891627173,22.0
187,2018,Damian Lillard,0.7692307692307693,4.0,0.6052175925648053,4.0
216,2018,DeMar DeRozan,0.46153846153846156,8.0,0.10510576124611454,18.0
272,2018,Draymond Green,0.07692307692307693,13.0,0.049179878925634524,20.0
317,2018,Giannis Antetokounmpo,0.6153846153846154,6.0,0.5706733397006256,5.0
328,2018,Goran Dragic,0.07692307692307693,13.0,0.07721549711695935,19.0
380,2018,James Harden,1.0,1.0,0.7860909789561457,3.0
433,2018,Joel Embiid,0.23076923076923078,11.0,0.29137281167150014,11.0
482,2018,Karl-Anthony Towns,0.07692307692307693,13.0,0.17238306841486611,16.0
491,2018,Kemba Walker,0.07692307692307693,13.0,0.20368483685738376,14.0
506,2018,Kevin Durant,0.5384615384615384,7.0,0.409208326402314,8.0
543,2018,Klay Thompson,0.07692307692307693,13.0,-0.08259534164872001,23.0
564,2018,Kyle Lowry,0.07692307692307693,13.0,0.2832489745088433,12.0
571,2018,Kyrie Irving,0.07692307692307693,13.0,0.3275475656001627,10.0
578,2018,LaMarcus Aldridge,0.38461538461538464,9.0,0.4094819931766333,7.0
611,2018,LeBron James,0.9230769230769231,2.0,0.7943421999277898,2.0
716,2018,Paul George,0.07692307692307693,13.0,0.16664714235944394,17.0
794,2018,Russell Westbrook,0.6923076923076923,5.0,0.8235984432509222,1.0
840,2018,Stephen Curry,0.3076923076923077,10.0,0.44670060409598683,6.0
905,2018,Victor Oladipo,0.15384615384615385,12.0,0.18884180354005003,15.0
61,2019,Anthony Davis,0.08333333333333333,12.0,0.2682228986705687,16.0
77,2019,Ben Simmons,0.08333333333333333,12.0,0.3363037933260776,13.0
95,2019,Blake Griffin,0.08333333333333333,12.0,0.42378652647057524,10.0
107,2019,Bradley Beal,0.08333333333333333,12.0,0.013557233300740879,22.0
182,2019,D'Angelo Russell,0.08333333333333333,12.0,0.19999592155700074,19.0
188,2019,Damian Lillard,0.5833333333333334,6.0,0.5160118295392059,5.0
258,2019,Dirk Nowitzki,0.08333333333333333,12.0,0.03228556944641159,21.0
292,2019,Dwyane Wade,0.08333333333333333,12.0,-0.0744350234856378,24.0
318,2019,Giannis Antetokounmpo,1.0,1.0,0.8163174252567379,2.0
381,2019,James Harden,0.9166666666666666,2.0,0.9524890931339306,1.0
434,2019,Joel Embiid,0.5,7.0,0.447708122943549,9.0
483,2019,Karl-Anthony Towns,0.08333333333333333,12.0,0.24064650354837258,17.0
486,2019,Kawhi Leonard,0.3333333333333333,9.0,0.3032598342660541,15.0
492,2019,Kemba Walker,0.08333333333333333,12.0,0.17273074638769603,20.0
507,2019,Kevin Durant,0.4166666666666667,8.0,0.3974731457241879,12.0
536,2019,Khris Middleton,0.08333333333333333,12.0,0.005980310365611419,23.0
544,2019,Klay Thompson,0.08333333333333333,12.0,-0.19478576862916352,26.0
565,2019,Kyle Lowry,0.08333333333333333,12.0,-0.1174485121204506,25.0
572,2019,Kyrie Irving,0.08333333333333333,12.0,0.30340766753461057,14.0
579,2019,LaMarcus Aldridge,0.08333333333333333,12.0,0.2196882509262642,18.0
612,2019,LeBron James,0.16666666666666666,11.0,0.7040706459250251,3.0
688,2019,Nikola Jokic,0.75,4.0,0.470266509321572,8.0
690,2019,Nikola Vucevic,0.08333333333333333,12.0,0.4843909831674401,6.0
717,2019,Paul George,0.8333333333333334,3.0,0.48175283915411515,7.0
795,2019,Russell Westbrook,0.25,10.0,0.5697938508857979,4.0
841,2019,Stephen Curry,0.6666666666666666,5.0,0.4226911390862361,11.0
62,,,,,,
74,,,,,,
78,,,,,,
108,,,,,,
166,,,,,,
235,,,,,,
260,,,,,,
269,,,,,,
319,,,,,,
382,,,,,,
399,,,,,,
417,,,,,,
435,,,,,,
487,,,,,,
493,,,,,,
537,,,,,,
566,,,,,,
613,,,,,,
615,,,,,,
689,,,,,,
696,,,,,,
787,,,,,,
796,,,,,,
901,,,,,,
