,season,player,true,true_rank,pred,pred_rank
0,1990,A.C. Green,0.0,12.0,-0.042806869691533994,17.0
1,1981,Adrian Dantley,0.022,11.0,0.18410716596653068,9.0
2,1982,Adrian Dantley,0.01,14.0,0.13589097735956973,10.0
3,1984,Adrian Dantley,0.116,7.0,0.2251818015743139,5.0
4,1985,Adrian Dantley,0.0,16.0,-0.14097610623643334,22.0
5,1986,Adrian Dantley,0.003,12.0,0.33550006922233033,3.0
6,2010,Al Horford,0.0,11.0,-0.23155775627329106,24.0
7,2011,Al Horford,0.0,12.0,0.07249436265678269,11.0
8,2015,Al Horford,0.0,9.0,0.07893678587902812,13.0
9,2016,Al Horford,0.0,10.0,-0.14391529426964972,21.0
10,2018,Al Horford,0.0,13.0,-0.09123346599813201,20.0
11,1982,Alex English,0.017,12.0,0.11642218895519711,11.0
12,1983,Alex English,0.056,6.0,0.2960360400864108,3.0
13,1984,Alex English,0.0,13.0,0.15180794285112403,6.0
14,1985,Alex English,0.015,12.0,0.039272603899956,12.0
15,1986,Alex English,0.071,7.0,0.015535522232795376,13.0
16,1987,Alex English,0.003,11.0,-0.05758742585377079,18.0
17,1988,Alex English,0.005,10.0,0.028423297613271267,11.0
18,1989,Alex English,0.0,12.0,-0.03695204869021673,21.0
19,2000,Allan Houston,0.0,14.0,0.07364571430674785,12.0
20,2001,Allan Houston,0.0,12.0,0.08092019585854314,12.0
21,2000,Allen Iverson,0.109,7.0,0.06342864417790284,14.0
22,2001,Allen Iverson,0.904,1.0,-0.15276443852808302,24.0
23,2002,Allen Iverson,0.023,8.0,0.39491419323033894,3.0
24,2003,Allen Iverson,0.07,6.0,0.27211130910539233,8.0
25,2004,Allen Iverson,0.0,12.0,-0.05995427737577935,23.0
26,2005,Allen Iverson,0.189,5.0,-0.028343375162471804,19.0
27,2006,Allen Iverson,0.001,10.0,0.17103766659753572,8.0
28,2008,Allen Iverson,0.0,11.0,0.23426009211932358,5.0
29,2009,Allen Iverson,0.0,12.0,0.07526951063226861,10.0
30,1995,Alonzo Mourning,0.0,11.0,-0.28536073853499,24.0
31,1996,Alonzo Mourning,0.005,12.0,0.11037077935049132,12.0
32,2000,Alonzo Mourning,0.303,3.0,0.30540111876819453,5.0
33,2002,Alonzo Mourning,0.0,13.0,-0.012011752084136795,17.0
34,1986,Alvin Robertson,0.004,11.0,-0.18807393937312192,23.0
35,1987,Alvin Robertson,0.0,13.0,-0.12216253443393586,20.0
36,1988,Alvin Robertson,0.0,13.0,-0.05937974049414539,18.0
37,1991,Alvin Robertson,0.0,16.0,0.16206026452682576,7.0
38,2005,Amar'e Stoudemire,0.032,9.0,0.02153491116320984,18.0
39,2007,Amar'e Stoudemire,0.002,10.0,-0.010348817729106674,14.0
40,2008,Amar'e Stoudemire,0.021,5.0,0.1310510047513262,9.0
41,2009,Amar'e Stoudemire,0.0,12.0,-0.003081935368951544,18.0
42,2010,Amar'e Stoudemire,0.004,9.0,0.001622746906965053,17.0
43,2011,Amar'e Stoudemire,0.006999999999999999,9.0,-0.28092272196915513,24.0
44,2016,Andre Drummond,0.0,10.0,0.1907577616964498,4.0
45,2018,Andre Drummond,0.0,13.0,0.2930287115920792,5.0
46,2012,Andre Iguodala,0.0,13.0,-0.05047290573263595,22.0
47,2004,Andrei Kirilenko,0.002,10.0,-0.030819741191909347,21.0
48,2012,Andrew Bynum,0.0,13.0,0.08944829713003687,12.0
49,1983,Andrew Toney,0.0,17.0,-0.06632180100353226,21.0
50,1984,Andrew Toney,0.0,13.0,0.021172784196801783,12.0
51,1995,Anfernee Hardaway,0.022,10.0,0.19412739659707218,7.0
52,1996,Anfernee Hardaway,0.319,3.0,0.20076959359247448,5.0
53,1997,Anfernee Hardaway,0.0,11.0,0.06695950646359779,12.0
54,1998,Anfernee Hardaway,0.0,15.0,0.007943344979121289,19.0
55,2005,Antawn Jamison,0.0,14.0,0.08850203275883435,10.0
56,2008,Antawn Jamison,0.001,10.0,-0.04986077931004987,21.0
57,2014,Anthony Davis,0.0,14.0,-0.06772023902430314,22.0
58,2016,Anthony Davis,0.0,10.0,-0.09363344513590072,17.0
59,2017,Anthony Davis,0.002,8.0,0.44332946526628025,2.0
60,2018,Anthony Davis,0.441,3.0,0.3596789563315471,3.0
61,2019,Anthony Davis,0.0,12.0,0.131982633409836,9.0
62,,,,,,
63,2001,Anthony Mason,0.001,11.0,0.0498106877141566,16.0
64,1998,Antoine Walker,0.005,11.0,0.2993130918950909,5.0
65,2002,Antoine Walker,0.0,13.0,-0.04144262532113564,21.0
66,2003,Antoine Walker,0.0,11.0,-0.28342168615851854,23.0
67,2001,Antonio Davis,0.0,12.0,0.12555702998688373,9.0
68,2001,Antonio McDyess,0.0,12.0,0.044637179112952605,17.0
69,1981,Artis Gilmore,0.006,15.0,0.2113839190127669,7.0
70,1982,Artis Gilmore,0.0,17.0,0.2026578036542232,7.0
71,1983,Artis Gilmore,0.044,8.0,0.05862239748731567,12.0
72,1986,Artis Gilmore,0.0,13.0,-0.11561668091812694,20.0
73,1994,B.J. Armstrong,0.0,10.0,0.025408824662306664,14.0
74,,,,,,
75,2002,Baron Davis,0.0,13.0,0.11974510511972936,9.0
76,2004,Baron Davis,0.003,9.0,0.006133236149915469,17.0
77,2019,Ben Simmons,0.0,12.0,0.12574315025290922,10.0
78,,,,,,
79,2003,Ben Wallace,0.028,8.0,0.004824095605313591,15.0
80,2004,Ben Wallace,0.02,7.0,0.059265636714782896,12.0
81,2005,Ben Wallace,0.0,14.0,-0.07225707115972346,22.0
82,2006,Ben Wallace,0.0,11.0,-0.0319235129954967,20.0
83,1982,Bernard King,0.014,13.0,-0.006865550284823843,17.0
84,1984,Bernard King,0.491,2.0,0.264597145443933,3.0
85,1985,Bernard King,0.09,7.0,0.13037327351840414,8.0
86,1991,Bernard King,0.006999999999999999,14.0,-0.26690084522920965,24.0
87,1983,Bill Laimbeer,0.0,17.0,-0.032049041311664236,16.0
88,1984,Bill Laimbeer,0.012,11.0,-0.10713177215747663,20.0
89,1985,Bill Laimbeer,0.0,16.0,-0.10748921964579435,21.0
90,1987,Bill Laimbeer,0.0,13.0,-0.18815039887849044,23.0
91,2011,Blake Griffin,0.004,10.0,0.13683388069515473,9.0
92,2012,Blake Griffin,0.0,13.0,0.0997091889264476,9.0
93,2013,Blake Griffin,0.0,12.0,0.21848766866322136,6.0
94,2014,Blake Griffin,0.34700000000000003,3.0,0.12950200107115134,11.0
95,2019,Blake Griffin,0.0,12.0,0.07263345070379881,17.0
96,1982,Bob Lanier,0.0,17.0,-0.02443580427883999,18.0
97,1981,Bobby Jones,0.004,16.0,0.02286185120720284,19.0
98,1982,Bobby Jones,0.0,17.0,-0.09194378185510425,20.0
99,1988,Brad Daugherty,0.0,13.0,-0.11233815338127004,20.0
100,1989,Brad Daugherty,0.005,9.0,-0.03652373020673358,20.0
101,1991,Brad Daugherty,0.0,16.0,0.017924523088738972,16.0
102,1992,Brad Daugherty,0.025,11.0,0.13196456499477593,10.0
103,1993,Brad Daugherty,0.001,9.0,-0.10214943279124743,21.0
104,2003,Brad Miller,0.0,11.0,-0.12291485640686166,22.0
105,2004,Brad Miller,0.0,12.0,0.09127077152129086,9.0
106,2018,Bradley Beal,0.0,13.0,0.1030111315811352,10.0
107,2019,Bradley Beal,0.0,12.0,-0.03011747578972465,21.0
108,,,,,,
109,2008,Brandon Roy,0.0,11.0,-0.07157942108065615,22.0
110,2009,Brandon Roy,0.006,9.0,0.10263474944915024,9.0
111,2013,Brook Lopez,0.0,12.0,0.11125715514624171,9.0
112,1982,Buck Williams,0.001,16.0,-0.1117189569662759,21.0
113,1983,Buck Williams,0.053,7.0,-0.03296676707297973,17.0
114,1986,Buck Williams,0.003,12.0,0.000333987279853204,15.0
115,1985,Calvin Natt,0.028,11.0,0.13369749555136087,7.0
116,2008,Carlos Boozer,0.001,10.0,0.06369794327232212,15.0
117,2007,Carmelo Anthony,0.001,11.0,0.06455222739223063,11.0
118,2008,Carmelo Anthony,0.002,9.0,0.13932114408736165,7.0
119,2010,Carmelo Anthony,0.053,5.0,-0.08338667458960095,20.0
120,2011,Carmelo Anthony,0.0,12.0,-0.13372737131560658,22.0
121,2012,Carmelo Anthony,0.0,13.0,0.05800001934686967,15.0
122,2013,Carmelo Anthony,0.393,3.0,-0.24412284686037095,24.0
123,2014,Carmelo Anthony,0.003,13.0,0.2764704836116485,6.0
124,2015,Carmelo Anthony,0.0,9.0,0.07527168279868744,14.0
125,2016,Carmelo Anthony,0.0,10.0,-0.10279727048051013,19.0
126,2017,Carmelo Anthony,0.0,10.0,-0.009665500212219444,17.0
127,2007,Caron Butler,0.0,12.0,0.10945952308290913,10.0
128,1987,Charles Barkley,0.145,6.0,0.28703058936646875,4.0
129,1988,Charles Barkley,0.136,4.0,0.2746220133636647,3.0
130,1989,Charles Barkley,0.111,5.0,0.23208231940587512,2.0
131,1990,Charles Barkley,0.667,2.0,0.04035288002895818,9.0
132,1991,Charles Barkley,0.231,4.0,0.26222628780768875,5.0
133,1992,Charles Barkley,0.019,12.0,0.21080629484126379,8.0
134,1993,Charles Barkley,0.852,1.0,0.2598065359311605,5.0
135,1995,Charles Barkley,0.091,6.0,0.10127644010876884,11.0
136,1996,Charles Barkley,0.006999999999999999,11.0,0.11683376350730075,11.0
137,1994,Charles Oakley,0.0,10.0,0.038130310642086676,13.0
138,2006,Chauncey Billups,0.344,5.0,0.1644648925158583,9.0
139,2007,Chauncey Billups,0.003,9.0,0.12843122062315582,9.0
140,2008,Chauncey Billups,0.0,11.0,0.09966204983807486,12.0
141,2009,Chauncey Billups,0.027000000000000003,6.0,-0.019118816827369794,20.0
142,2010,Chauncey Billups,0.001,10.0,0.08258309422924093,13.0
143,2006,Chris Bosh,0.0,11.0,0.14043587468408758,11.0
144,2007,Chris Bosh,0.033,6.0,-0.048903350632232126,17.0
145,2008,Chris Bosh,0.0,11.0,-0.047138440362434496,20.0
146,2010,Chris Bosh,0.001,10.0,0.12450363085590169,7.0
147,2011,Chris Bosh,0.0,12.0,0.034529353837196186,15.0
148,2012,Chris Bosh,0.0,13.0,0.184435742058499,7.0
149,2013,Chris Bosh,0.0,12.0,0.04082024359010715,14.0
150,2014,Chris Bosh,0.0,14.0,-0.0559129710690678,21.0
151,2015,Chris Bosh,0.0,9.0,0.11118510024606763,10.0
152,1997,Chris Gatling,0.0,11.0,0.08138724889824044,9.0
153,2010,Chris Kaman,0.0,11.0,0.07320532340214136,15.0
154,1989,Chris Mullin,0.004,10.0,0.0766597029036862,8.0
155,1990,Chris Mullin,0.0,12.0,0.08815345859624144,8.0
156,1991,Chris Mullin,0.0,16.0,0.02102115493829411,15.0
157,1992,Chris Mullin,0.084,6.0,0.03089847074627157,16.0
158,2008,Chris Paul,0.71,2.0,0.05309002557112069,17.0
159,2009,Chris Paul,0.159,5.0,0.3431614773576675,2.0
160,2011,Chris Paul,0.002,11.0,0.18131607929062526,8.0
161,2012,Chris Paul,0.318,3.0,0.09271921626823766,11.0
162,2013,Chris Paul,0.239,4.0,0.17465666323318016,8.0
163,2014,Chris Paul,0.036000000000000004,7.0,0.14048457764431693,8.0
164,2015,Chris Paul,0.095,5.0,0.36565679365573606,2.0
165,2016,Chris Paul,0.08199999999999999,6.0,0.06889246409591135,11.0
166,,,,,,
167,1997,Chris Webber,0.0,11.0,-0.12229109067351586,23.0
168,2000,Chris Webber,0.079,9.0,0.27111810572876816,7.0
169,2001,Chris Webber,0.42,3.0,0.1631602851517046,8.0
170,2002,Chris Webber,0.029,6.0,0.04534515781614473,12.0
171,1997,Christian Laettner,0.0,11.0,0.05596109488979022,13.0
172,1994,Clifford Robinson,0.0,10.0,0.017775076353052324,15.0
173,1986,Clyde Drexler,0.0,13.0,-0.14004693508085975,21.0
174,1988,Clyde Drexler,0.108,5.0,-0.03268608289166387,13.0
175,1989,Clyde Drexler,0.0,12.0,-0.013741189527449738,16.0
176,1990,Clyde Drexler,0.003,10.0,-0.031506681483541105,15.0
177,1991,Clyde Drexler,0.078,6.0,0.1268328071805802,8.0
178,1992,Clyde Drexler,0.584,2.0,0.2655070804376479,3.0
179,1993,Clyde Drexler,0.001,9.0,-0.03889996346755813,19.0
180,1994,Clyde Drexler,0.0,10.0,-0.0035769252000814183,17.0
181,1996,Clyde Drexler,0.0,14.0,0.021320798344279787,19.0
182,2019,D'Angelo Russell,0.0,12.0,-0.01057020083928037,19.0
183,2000,Dale Davis,0.0,14.0,0.057401234280884395,15.0
184,1989,Dale Ellis,0.0,12.0,-0.013280188818007882,15.0
185,2014,Damian Lillard,0.0,14.0,0.002750228406660435,18.0
186,2015,Damian Lillard,0.0,9.0,0.12518171863549848,8.0
187,2018,Damian Lillard,0.205,4.0,0.08777830461329711,12.0
188,2019,Damian Lillard,0.068,6.0,0.08843167788925613,16.0
189,1992,Dan Majerle,0.0,13.0,0.059600570934210895,13.0
190,1993,Dan Majerle,0.0,10.0,0.0847882567938751,14.0
191,1995,Dan Majerle,0.0,11.0,-0.16995873092860497,23.0
192,1995,Dana Barros,0.0,11.0,0.17814139889468966,8.0
193,1988,Danny Ainge,0.0,13.0,-0.03749761681097892,15.0
194,2009,Danny Granger,0.0,12.0,-0.22336790812393473,24.0
195,1993,Danny Manning,0.0,10.0,0.0017741299013807332,16.0
196,1994,Danny Manning,0.0,10.0,-0.04483764933299887,20.0
197,2010,David Lee,0.0,11.0,0.10412495854390605,9.0
198,2013,David Lee,0.001,11.0,0.1899920363130332,7.0
199,1990,David Robinson,0.111,5.0,0.3279688049399584,4.0
200,1991,David Robinson,0.496,3.0,0.549907439521622,2.0
201,1992,David Robinson,0.35100000000000003,3.0,0.1814248098039135,9.0
202,1993,David Robinson,0.034,6.0,0.33228066272249057,4.0
203,1994,David Robinson,0.723,2.0,0.5597674547429211,2.0
204,1995,David Robinson,0.858,1.0,0.7047423744306955,1.0
205,1996,David Robinson,0.508,2.0,0.33818353773264614,3.0
206,1998,David Robinson,0.031,7.0,0.43897682251905856,4.0
207,2000,David Robinson,0.0,14.0,0.07482065299689694,11.0
208,2001,David Robinson,0.006,9.0,-0.01978157339927672,19.0
209,1983,David Thompson,0.0,17.0,-0.02370476974320075,15.0
210,2008,David West,0.0,11.0,0.22592069956762623,6.0
211,2009,David West,0.0,12.0,0.07390556990745753,11.0
212,2017,DeAndre Jordan,0.0,10.0,0.07740461409101636,10.0
213,2014,DeMar DeRozan,0.0,14.0,0.07636386989070786,12.0
214,2016,DeMar DeRozan,0.0,10.0,-0.032567729595019676,14.0
215,2017,DeMar DeRozan,0.001,9.0,0.09587659096790908,9.0
216,2018,DeMar DeRozan,0.032,8.0,0.1320879540151248,8.0
217,2015,DeMarcus Cousins,0.0,9.0,0.11222886408576636,9.0
218,2016,DeMarcus Cousins,0.0,10.0,-0.24088719922731047,24.0
219,2017,DeMarcus Cousins,0.0,10.0,0.04098412025178143,12.0
220,1981,Dennis Johnson,0.07200000000000001,8.0,0.16064977953329265,10.0
221,1982,Dennis Johnson,0.001,16.0,0.04264904614905547,15.0
222,1985,Dennis Johnson,0.0,16.0,0.25034461164596333,4.0
223,1990,Dennis Rodman,0.0,12.0,-0.07791996605106863,21.0
224,1992,Dennis Rodman,0.027000000000000003,10.0,-0.010237760143473135,18.0
225,2010,Deron Williams,0.006,8.0,-0.11510548958283048,21.0
226,2011,Deron Williams,0.0,12.0,-0.14460782938956385,23.0
227,2012,Deron Williams,0.0,13.0,-0.10746102370643117,23.0
228,1994,Derrick Coleman,0.0,10.0,-0.09225623370767207,23.0
229,2010,Derrick Rose,0.0,11.0,0.1762313012047839,4.0
230,2011,Derrick Rose,0.977,1.0,0.40292518219824286,2.0
231,2012,Derrick Rose,0.004,11.0,0.21006528794309925,6.0
232,1993,Detlef Schrempf,0.0,10.0,0.1083471182846872,10.0
233,1995,Detlef Schrempf,0.0,11.0,0.03906495121561,15.0
234,1997,Detlef Schrempf,0.0,11.0,-0.11836419718396395,22.0
235,,,,,,
236,2009,Devin Harris,0.0,12.0,0.018120075679390973,16.0
237,1992,Dikembe Mutombo,0.0,13.0,-0.11161569630312154,23.0
238,1995,Dikembe Mutombo,0.0,11.0,-0.02032977540877985,20.0
239,1996,Dikembe Mutombo,0.0,14.0,0.03876898921815801,17.0
240,1997,Dikembe Mutombo,0.003,9.0,0.03472347456785678,16.0
241,1998,Dikembe Mutombo,0.0,15.0,-0.06928631247330812,23.0
242,2000,Dikembe Mutombo,0.0,14.0,-0.14471855649605203,24.0
243,2001,Dikembe Mutombo,0.0,12.0,-0.14565833176607834,23.0
244,2002,Dikembe Mutombo,0.0,13.0,0.01890181270324201,16.0
245,2002,Dirk Nowitzki,0.025,7.0,-0.10012318078334179,23.0
246,2003,Dirk Nowitzki,0.036000000000000004,7.0,0.32682304963208025,7.0
247,2004,Dirk Nowitzki,0.003,9.0,-0.026681422283105827,20.0
248,2005,Dirk Nowitzki,0.275,3.0,0.14294558415634862,8.0
249,2006,Dirk Nowitzki,0.435,3.0,0.49566836691628585,1.0
250,2007,Dirk Nowitzki,0.882,1.0,0.42986175493923096,2.0
251,2008,Dirk Nowitzki,0.004,8.0,0.2826590546299579,4.0
252,2009,Dirk Nowitzki,0.002,10.0,0.05503228487628206,12.0
253,2010,Dirk Nowitzki,0.045,6.0,0.14248233434910582,5.0
254,2011,Dirk Nowitzki,0.093,6.0,0.0640236587447767,12.0
255,2012,Dirk Nowitzki,0.003,12.0,-0.017186659356656545,20.0
256,2014,Dirk Nowitzki,0.006,12.0,0.057168561699084894,13.0
257,2015,Dirk Nowitzki,0.0,9.0,-0.09502353211899213,23.0
258,2019,Dirk Nowitzki,0.0,12.0,0.2305092863246108,6.0
259,1988,Doc Rivers,0.0,13.0,0.17198715749210836,4.0
260,,,,,,
261,1986,Dominique Wilkins,0.522,2.0,0.19001385674694535,6.0
262,1987,Dominique Wilkins,0.16399999999999998,5.0,-0.008508412693211134,14.0
263,1988,Dominique Wilkins,0.069,6.0,-0.0461371279867375,17.0
264,1989,Dominique Wilkins,0.0,12.0,-0.01860297804339217,17.0
265,1990,Dominique Wilkins,0.0,12.0,0.02495304651464131,11.0
266,1991,Dominique Wilkins,0.03,8.0,0.06809622158909982,11.0
267,1993,Dominique Wilkins,0.055,5.0,0.08567975649271399,13.0
268,1994,Dominique Wilkins,0.001,9.0,0.0030613575569311408,16.0
269,,,,,,
270,2016,Draymond Green,0.038,7.0,-0.17387941261195333,22.0
271,2017,Draymond Green,0.0,10.0,0.010749993999405169,16.0
272,2018,Draymond Green,0.0,13.0,-0.022850989534033028,18.0
273,2007,Dwight Howard,0.0,12.0,-0.09074611623091335,20.0
274,2008,Dwight Howard,0.048,4.0,0.13800672995365842,8.0
275,2009,Dwight Howard,0.271,4.0,0.21194036785474557,5.0
276,2010,Dwight Howard,0.389,3.0,0.10288291024080298,11.0
277,2011,Dwight Howard,0.531,2.0,0.21802525041451765,6.0
278,2012,Dwight Howard,0.011,7.0,0.2184314990064813,5.0
279,2013,Dwight Howard,0.0,12.0,-0.15007738339768745,23.0
280,2014,Dwight Howard,0.0,14.0,0.006620728428852904,17.0
281,2005,Dwyane Wade,0.034,8.0,-0.1500694169821074,23.0
282,2006,Dwyane Wade,0.07,6.0,0.17593913925281524,7.0
283,2007,Dwyane Wade,0.002,10.0,0.16222435641180372,7.0
284,2008,Dwyane Wade,0.0,11.0,-0.13250883854437392,24.0
285,2009,Dwyane Wade,0.562,3.0,0.1976979557751577,6.0
286,2010,Dwyane Wade,0.097,4.0,0.2541837223539622,3.0
287,2011,Dwyane Wade,0.02,7.0,0.2464057740476709,4.0
288,2012,Dwyane Wade,0.005,10.0,0.05881849147699093,14.0
289,2013,Dwyane Wade,0.004,10.0,0.09076988656555951,10.0
290,2014,Dwyane Wade,0.0,14.0,-0.07942277901395155,23.0
291,2016,Dwyane Wade,0.0,10.0,-0.13844848393110457,20.0
292,2019,Dwyane Wade,0.0,12.0,-0.14777972361913902,25.0
293,1981,Eddie Johnson,0.0,17.0,0.026515322489002777,18.0
294,1997,Eddie Jones,0.0,11.0,0.07764757149274433,11.0
295,1998,Eddie Jones,0.0,15.0,0.07870480332923575,15.0
296,2000,Eddie Jones,0.0,14.0,0.14301560111078704,9.0
297,2002,Elton Brand,0.001,12.0,-0.012199821963442131,18.0
298,2006,Elton Brand,0.04,7.0,0.34480676436727214,3.0
299,1988,Fat Lever,0.033,9.0,-0.15217389844129675,22.0
300,1990,Fat Lever,0.0,12.0,-0.1513973382791208,24.0
301,1994,Gary Payton,0.02,6.0,0.1602235159250398,6.0
302,1995,Gary Payton,0.032,9.0,0.17031623589393907,9.0
303,1996,Gary Payton,0.087,6.0,-0.029814692054810826,23.0
304,1997,Gary Payton,0.091,6.0,0.16513568806838147,6.0
305,1998,Gary Payton,0.3720000000000001,3.0,0.04164520253880179,17.0
306,2000,Gary Payton,0.149,6.0,0.30081400529687835,6.0
307,2001,Gary Payton,0.0,12.0,0.17572348744475486,7.0
308,2002,Gary Payton,0.043,5.0,0.2612102062433198,5.0
309,2003,Gary Payton,0.0,11.0,-0.10990667693700264,20.0
310,1981,George Gervin,0.12,5.0,0.27972049936953913,6.0
311,1982,George Gervin,0.159,6.0,0.3395604548435693,4.0
312,1983,George Gervin,0.04,9.0,0.01646906303251157,14.0
313,1984,George Gervin,0.0,13.0,0.11987578414818507,8.0
314,1985,George Gervin,0.0,16.0,-0.009822518495167326,16.0
315,2010,Gerald Wallace,0.0,11.0,-0.13596297576931762,23.0
316,2017,Giannis Antetokounmpo,0.006999999999999999,7.0,0.17669804328252137,7.0
317,2018,Giannis Antetokounmpo,0.07400000000000001,6.0,0.3036200396526382,4.0
318,2019,Giannis Antetokounmpo,0.932,1.0,0.4307218915377332,2.0
319,,,,,,
320,2005,Gilbert Arenas,0.003,11.0,0.02361905914176292,17.0
321,2006,Gilbert Arenas,0.0,11.0,-0.13382240295333991,24.0
322,2007,Gilbert Arenas,0.024,7.0,-0.09223450304417216,21.0
323,1996,Glen Rice,0.0,14.0,0.14517285129632118,8.0
324,1997,Glen Rice,0.117,5.0,-0.15005972819327945,24.0
325,1998,Glen Rice,0.006,10.0,-0.08389155195293908,24.0
326,2000,Glenn Robinson,0.0,14.0,0.06956269955125721,13.0
327,2001,Glenn Robinson,0.0,12.0,-0.01987672457548477,20.0
328,2018,Goran Dragic,0.0,13.0,0.09726820301300215,11.0
329,2017,Gordon Hayward,0.0,10.0,-0.03213040574713018,20.0
330,1995,Grant Hill,0.0,11.0,-0.03616458400583866,21.0
331,1996,Grant Hill,0.056,9.0,0.07868810751756412,15.0
332,1997,Grant Hill,0.327,3.0,0.5311848612772745,3.0
333,1998,Grant Hill,0.02,9.0,0.16767745056196676,9.0
334,2000,Grant Hill,0.093,8.0,0.09174056428771493,10.0
335,2005,Grant Hill,0.0,14.0,-0.19330809103857038,24.0
336,1982,Gus Williams,0.16699999999999998,5.0,0.09760683567847465,12.0
337,1983,Gus Williams,0.004,14.0,0.13659247889816106,6.0
338,1985,Hakeem Olajuwon,0.015,12.0,-0.22212179791333664,24.0
339,1986,Hakeem Olajuwon,0.247,4.0,-0.1698310930001395,22.0
340,1987,Hakeem Olajuwon,0.036000000000000004,7.0,-0.10732547764257692,19.0
341,1988,Hakeem Olajuwon,0.05,7.0,0.0566645247555871,9.0
342,1989,Hakeem Olajuwon,0.211,4.0,0.22614568026092238,3.0
343,1990,Hakeem Olajuwon,0.07,6.0,0.41491141526858916,3.0
344,1992,Hakeem Olajuwon,0.0,13.0,-0.02877757046850682,20.0
345,1993,Hakeem Olajuwon,0.66,2.0,0.6045065690492544,2.0
346,1994,Hakeem Olajuwon,0.88,1.0,0.24987855658374675,3.0
347,1995,Hakeem Olajuwon,0.14,5.0,0.274099630712996,6.0
348,1996,Hakeem Olajuwon,0.211,4.0,0.313970255469713,4.0
349,1997,Hakeem Olajuwon,0.083,7.0,0.005452397907084336,18.0
350,1991,Hersey Hawkins,0.0,16.0,-0.049733869284210454,20.0
351,1994,Horace Grant,0.0,10.0,0.10493879101198987,8.0
352,2016,Isaiah Thomas,0.0,10.0,0.12707562807825132,9.0
353,2017,Isaiah Thomas,0.08,5.0,0.07385055262660638,11.0
354,1982,Isiah Thomas,0.004,15.0,-0.23296888493093904,24.0
355,1983,Isiah Thomas,0.005,13.0,-0.1377883920487356,23.0
356,1984,Isiah Thomas,0.151,5.0,-0.1632714986711092,23.0
357,1985,Isiah Thomas,0.081,9.0,0.06501619344779722,10.0
358,1986,Isiah Thomas,0.036000000000000004,8.0,0.1667351505175389,8.0
359,1987,Isiah Thomas,0.022,8.0,0.010628020861266088,12.0
360,1988,Isiah Thomas,0.004,11.0,0.026860935520735416,12.0
361,1989,Isiah Thomas,0.001,11.0,0.041920362345819556,11.0
362,1990,Isiah Thomas,0.001,11.0,-0.11088273558929354,23.0
363,1992,Isiah Thomas,0.0,13.0,-0.1044969025628868,22.0
364,1993,Isiah Thomas,0.0,10.0,-0.15784333629478103,24.0
365,1981,Jack Sikma,0.016,12.0,0.02654374984698199,17.0
366,1982,Jack Sikma,0.048,9.0,-0.03216202286330638,19.0
367,1983,Jack Sikma,0.017,11.0,-0.059928736487558545,20.0
368,1984,Jack Sikma,0.0,13.0,0.01650243436208916,13.0
369,1985,Jack Sikma,0.004,14.0,-0.045643220285336655,17.0
370,2004,Jamaal Magloire,0.0,12.0,-0.020370709377822496,19.0
371,1981,Jamaal Wilkes,0.028,10.0,-0.043027678618691445,20.0
372,1983,Jamaal Wilkes,0.0,17.0,0.05193422395794274,13.0
373,2003,Jamal Mashburn,0.001,10.0,-0.08653906654947364,19.0
374,1988,James Donaldson,0.0,13.0,-0.03346741172942251,14.0
375,2013,James Harden,0.027000000000000003,8.0,-0.01630396272893532,18.0
376,2014,James Harden,0.068,5.0,0.13386445182490136,10.0
377,2015,James Harden,0.72,2.0,0.23331981319104506,4.0
378,2016,James Harden,0.006999999999999999,8.0,0.14654920297586865,7.0
379,2017,James Harden,0.746,2.0,0.19019581774833522,6.0
380,2018,James Harden,0.955,1.0,0.26850186275724763,6.0
381,2019,James Harden,0.768,2.0,0.6674070831872988,1.0
382,,,,,,
383,1986,James Worthy,0.009000000000000001,10.0,0.06656553137495053,12.0
384,1987,James Worthy,0.0,13.0,0.09128004936618299,9.0
385,1988,James Worthy,0.0,13.0,-0.12518353134232169,21.0
386,1989,James Worthy,0.0,12.0,-0.07832942981293266,24.0
387,1990,James Worthy,0.0,12.0,-0.015189296825563886,14.0
388,1991,James Worthy,0.0,16.0,0.03211284744258243,14.0
389,1992,James Worthy,0.0,13.0,0.21545495070797427,7.0
390,1996,Jason Kidd,0.0,14.0,-0.026173911194509028,21.0
391,1998,Jason Kidd,0.004,12.0,0.15891578622032265,10.0
392,2000,Jason Kidd,0.021,11.0,0.1622744772148931,8.0
393,2001,Jason Kidd,0.015,7.0,0.06443431918824964,14.0
394,2002,Jason Kidd,0.7120000000000001,2.0,-0.09528821553412263,22.0
395,2003,Jason Kidd,0.026,9.0,0.35385150306839647,5.0
396,2004,Jason Kidd,0.014,8.0,0.18115986391130962,6.0
397,2008,Jason Kidd,0.0,11.0,0.09215975817222519,13.0
398,2010,Jason Kidd,0.0,11.0,0.0772201914495754,14.0
399,,,,,,
400,1998,Jayson Williams,0.0,15.0,0.15876018979805628,11.0
401,1992,Jeff Hornacek,0.0,13.0,0.033143653256404226,15.0
402,1986,Jeff Malone,0.0,13.0,0.13838488752806105,9.0
403,1987,Jeff Malone,0.0,13.0,-0.023640477249188954,16.0
404,1984,Jeff Ruland,0.05,9.0,-0.15741550162607482,22.0
405,2015,Jeff Teague,0.0,9.0,-0.06728480490731623,22.0
406,2002,Jermaine O'Neal,0.0,13.0,-0.020894494516242118,20.0
407,2003,Jermaine O'Neal,0.0,11.0,0.15083841931061281,9.0
408,2004,Jermaine O'Neal,0.425,3.0,0.05600238429852865,13.0
409,2005,Jermaine O'Neal,0.0,14.0,0.056313791183538894,14.0
410,2007,Jermaine O'Neal,0.0,12.0,-0.08467990181605212,19.0
411,2000,Jerry Stackhouse,0.0,14.0,-0.02866308226076572,21.0
412,2001,Jerry Stackhouse,0.002,10.0,0.12502248368509644,10.0
413,1983,Jim Paxson,0.0,17.0,-0.05004851738934522,18.0
414,1984,Jim Paxson,0.0,13.0,-0.08171502581193009,19.0
415,2015,Jimmy Butler,0.0,9.0,-0.13117139735922356,24.0
416,2017,Jimmy Butler,0.0,10.0,-0.012498186445731585,18.0
417,,,,,,
418,2013,Joakim Noah,0.001,11.0,0.07111961691048888,11.0
419,2014,Joakim Noah,0.258,4.0,0.3081077034693049,5.0
420,1987,Joe Barry Carroll,0.001,12.0,0.16059596318784808,6.0
421,1990,Joe Dumars,0.001,11.0,-0.05334148819716,20.0
422,1991,Joe Dumars,0.008,13.0,-0.01618476542645088,18.0
423,1992,Joe Dumars,0.0,13.0,-0.12945876186691818,24.0
424,1993,Joe Dumars,0.001,9.0,-0.15526368037662336,23.0
425,1995,Joe Dumars,0.0,11.0,0.021849785057689905,16.0
426,1997,Joe Dumars,0.0,11.0,-0.015098680473823858,20.0
427,2007,Joe Johnson,0.0,12.0,-0.1374557868648361,23.0
428,2008,Joe Johnson,0.0,11.0,-0.08233609266593789,23.0
429,2009,Joe Johnson,0.0,12.0,-0.08748998306821643,23.0
430,2010,Joe Johnson,0.001,10.0,-0.12413926946009932,22.0
431,2011,Joe Johnson,0.0,12.0,-0.06907284039774986,19.0
432,2014,Joe Johnson,0.0,14.0,0.13389703039830358,9.0
433,2018,Joel Embiid,0.004,11.0,0.014965637806967858,16.0
434,2019,Joel Embiid,0.049,7.0,0.3042239735868397,3.0
435,,,,,,
436,1994,John Starks,0.0,10.0,-0.08289793827825083,22.0
437,1989,John Stockton,0.033,6.0,0.10191113900095708,7.0
438,1990,John Stockton,0.01,8.0,0.12348841329295107,7.0
439,1991,John Stockton,0.016,11.0,0.03473951880472635,13.0
440,1992,John Stockton,0.019,12.0,0.07787144194579942,11.0
441,1993,John Stockton,0.001,9.0,-0.1259502152442779,22.0
442,1994,John Stockton,0.001,9.0,-0.06925059306411788,21.0
443,1995,John Stockton,0.045,8.0,0.37574918021279524,4.0
444,1996,John Stockton,0.011,10.0,0.16256979655428477,7.0
445,1997,John Stockton,0.003,9.0,0.049082730666073396,14.0
446,2000,John Stockton,0.0,14.0,0.056502585101857905,16.0
447,2014,John Wall,0.0,14.0,-0.094962915991798,24.0
448,2015,John Wall,0.0,9.0,-0.004172250342284356,18.0
449,2016,John Wall,0.0,10.0,-0.038368392976817996,15.0
450,2017,John Wall,0.006999999999999999,7.0,0.02705579164274069,14.0
451,2007,Josh Howard,0.0,12.0,-0.017620639913946218,15.0
452,2013,Jrue Holiday,0.0,12.0,0.020793607064113484,15.0
453,1981,Julius Erving,0.6579999999999999,1.0,0.5470518373219828,1.0
454,1982,Julius Erving,0.294,3.0,0.6134194065350388,1.0
455,1983,Julius Erving,0.149,5.0,0.13479908842563848,7.0
456,1984,Julius Erving,0.129,6.0,0.2479928707943025,4.0
457,1985,Julius Erving,0.001,15.0,-0.002890015834526638,15.0
458,1986,Julius Erving,0.0,13.0,-0.062280253501939165,18.0
459,1987,Julius Erving,0.0,13.0,0.007368626016680355,13.0
460,1996,Juwan Howard,0.0,14.0,0.13530494518662678,10.0
461,1981,Kareem Abdul-Jabbar,0.414,3.0,0.5301263670680957,2.0
462,1982,Kareem Abdul-Jabbar,0.045,10.0,0.1441841298031281,9.0
463,1983,Kareem Abdul-Jabbar,0.02,10.0,0.09125354417156277,9.0
464,1984,Kareem Abdul-Jabbar,0.201,4.0,0.06182931949874311,9.0
465,1985,Kareem Abdul-Jabbar,0.264,4.0,0.13633895445113833,6.0
466,1986,Kareem Abdul-Jabbar,0.173,5.0,0.2083007041484851,4.0
467,1987,Kareem Abdul-Jabbar,0.0,13.0,0.13736737936315419,7.0
468,1988,Kareem Abdul-Jabbar,0.0,13.0,0.16123142923146588,5.0
469,1989,Kareem Abdul-Jabbar,0.0,12.0,0.14954526571557603,5.0
470,1988,Karl Malone,0.045,8.0,0.14969396082092967,6.0
471,1989,Karl Malone,0.426,2.0,-0.03532546948970558,19.0
472,1991,Karl Malone,0.14800000000000002,5.0,0.0918771145632342,10.0
473,1992,Karl Malone,0.273,4.0,0.2162209161797891,6.0
474,1993,Karl Malone,0.01,8.0,0.4183759153017937,3.0
475,1994,Karl Malone,0.017,7.0,0.2462792470672749,4.0
476,1995,Karl Malone,0.507,3.0,0.4270467100114858,3.0
477,1996,Karl Malone,0.075,7.0,0.47200665711747314,2.0
478,1997,Karl Malone,0.857,1.0,0.6044613514559027,2.0
479,1998,Karl Malone,0.726,2.0,0.5180976853845568,3.0
480,2000,Karl Malone,0.258,4.0,0.5446747438023084,3.0
481,2001,Karl Malone,0.017,6.0,0.4395184150059291,1.0
482,2018,Karl-Anthony Towns,0.0,13.0,-0.09553728147260263,22.0
483,2019,Karl-Anthony Towns,0.0,12.0,-0.15263740559573863,26.0
484,2016,Kawhi Leonard,0.484,2.0,0.12901418962022473,8.0
485,2017,Kawhi Leonard,0.495,3.0,0.30893980349470346,4.0
486,2019,Kawhi Leonard,0.013,9.0,0.12397920188495834,11.0
487,,,,,,
488,1982,Kelly Tripucka,0.02,11.0,-0.1773510519216105,23.0
489,1984,Kelly Tripucka,0.0,13.0,0.14161302825311733,7.0
490,2017,Kemba Walker,0.0,10.0,-0.04398257391630091,21.0
491,2018,Kemba Walker,0.0,13.0,0.10461542770581045,9.0
492,2019,Kemba Walker,0.0,12.0,0.009336970783338755,18.0
493,,,,,,
494,1994,Kenny Anderson,0.0,10.0,-0.028629264640858812,19.0
495,2004,Kenyon Martin,0.0,12.0,0.03789732441737896,15.0
496,1989,Kevin Duckworth,0.0,12.0,0.04540020025090233,10.0
497,1991,Kevin Duckworth,0.0,16.0,-0.08661133410257475,22.0
498,2010,Kevin Durant,0.495,2.0,0.47371825874211076,2.0
499,2011,Kevin Durant,0.157,5.0,0.11775710387625815,10.0
500,2012,Kevin Durant,0.735,2.0,0.5742226886293662,2.0
501,2013,Kevin Durant,0.632,2.0,0.7963746382773645,2.0
502,2014,Kevin Durant,0.986,1.0,0.7619060354988075,1.0
503,2015,Kevin Durant,0.0,9.0,0.13193739520321823,7.0
504,2016,Kevin Durant,0.112,5.0,0.5985730280009333,2.0
505,2017,Kevin Durant,0.002,8.0,0.0348660036570697,13.0
506,2018,Kevin Durant,0.065,7.0,-0.13719799159269108,23.0
507,2019,Kevin Durant,0.025,8.0,-0.0693293880494398,22.0
508,1997,Kevin Garnett,0.0,11.0,-0.010027285162551844,19.0
509,1998,Kevin Garnett,0.0,15.0,0.10755591440964048,14.0
510,2000,Kevin Garnett,0.337,2.0,0.42257656763437873,4.0
511,2001,Kevin Garnett,0.122,4.0,0.30974180429041454,3.0
512,2002,Kevin Garnett,0.013,10.0,0.30605871200693446,4.0
513,2003,Kevin Garnett,0.732,2.0,0.43136927442035583,3.0
514,2004,Kevin Garnett,0.991,1.0,0.9265744067373822,1.0
515,2005,Kevin Garnett,0.012,10.0,0.6264197457057882,1.0
516,2006,Kevin Garnett,0.0,11.0,0.0673969645047568,16.0
517,2007,Kevin Garnett,0.005,8.0,-0.09350160475980318,22.0
518,2009,Kevin Garnett,0.0,12.0,-0.014126259316534287,19.0
519,2010,Kevin Garnett,0.0,11.0,-0.05432464393151831,18.0
520,2011,Kevin Garnett,0.0,12.0,-0.022681949437085125,18.0
521,2013,Kevin Garnett,0.001,11.0,-0.023156886537533394,19.0
522,1990,Kevin Johnson,0.0,12.0,0.19213571416311737,5.0
523,1991,Kevin Johnson,0.033,7.0,0.10967116741432038,9.0
524,1994,Kevin Johnson,0.001,9.0,0.05730714852078571,12.0
525,2011,Kevin Love,0.0,12.0,-0.08539934400425953,20.0
526,2012,Kevin Love,0.048,6.0,-0.23613998273218734,24.0
527,2014,Kevin Love,0.02,10.0,0.30995972792733667,4.0
528,1984,Kevin McHale,0.0,13.0,-0.0047702296774048275,16.0
529,1986,Kevin McHale,0.004,11.0,-0.06731317388050374,19.0
530,1987,Kevin McHale,0.326,4.0,0.24509954121893812,5.0
531,1988,Kevin McHale,0.0,13.0,-0.16890264410245287,23.0
532,1989,Kevin McHale,0.0,12.0,-0.055305228308307974,23.0
533,1990,Kevin McHale,0.0,12.0,0.013245306353821068,13.0
534,1991,Kevin McHale,0.001,15.0,-0.09493041788454724,23.0
535,1992,Kevin Willis,0.0,13.0,-0.017712638748830584,19.0
536,2019,Khris Middleton,0.0,12.0,-0.12361214372665238,24.0
537,,,,,,
538,1983,Kiki Vandeweghe,0.001,16.0,-0.05061150782075763,19.0
539,1984,Kiki Vandeweghe,0.0,13.0,0.03012731116449735,10.0
540,2015,Klay Thompson,0.001,8.0,-0.055188410695580045,21.0
541,2016,Klay Thompson,0.0,10.0,-0.06320838296338294,16.0
542,2017,Klay Thompson,0.0,10.0,-0.02110070188530204,19.0
543,2018,Klay Thompson,0.0,13.0,0.03770383047303269,14.0
544,2019,Klay Thompson,0.0,12.0,-0.021015035171887297,20.0
545,1998,Kobe Bryant,0.0,15.0,0.12590123379345947,12.0
546,2000,Kobe Bryant,0.002,12.0,0.04687407034814722,17.0
547,2001,Kobe Bryant,0.009000000000000001,8.0,0.06281425499586495,15.0
548,2002,Kobe Bryant,0.078,4.0,0.4082875604169859,2.0
549,2003,Kobe Bryant,0.417,3.0,0.38040294612834863,4.0
550,2004,Kobe Bryant,0.172,5.0,0.21135752073430475,5.0
551,2005,Kobe Bryant,0.0,14.0,0.11879043513816527,9.0
552,2006,Kobe Bryant,0.386,4.0,0.45867857886999813,2.0
553,2007,Kobe Bryant,0.404,2.0,0.424192401716282,3.0
554,2008,Kobe Bryant,0.873,1.0,0.29841378189643414,3.0
555,2009,Kobe Bryant,0.5770000000000001,2.0,0.2893926315845289,3.0
556,2011,Kobe Bryant,0.354,4.0,0.3808778269054835,3.0
557,2012,Kobe Bryant,0.29100000000000004,4.0,0.23283039988065618,4.0
558,2013,Kobe Bryant,0.152,5.0,0.291012415962853,3.0
559,2016,Kobe Bryant,0.0,10.0,0.11503788162864426,10.0
560,2015,Kyle Korver,0.0,9.0,-0.009929126660942839,19.0
561,2015,Kyle Lowry,0.0,9.0,0.0973224990224247,11.0
562,2016,Kyle Lowry,0.005,9.0,-0.0008258736325540417,12.0
563,2017,Kyle Lowry,0.0,10.0,-0.279652856152957,24.0
564,2018,Kyle Lowry,0.0,13.0,-0.09508668271117475,21.0
565,2019,Kyle Lowry,0.0,12.0,-0.1097001147557071,23.0
566,,,,,,
567,2013,Kyrie Irving,0.0,12.0,-0.10333615613366133,20.0
568,2014,Kyrie Irving,0.0,14.0,-0.026824778403416724,20.0
569,2015,Kyrie Irving,0.0,9.0,0.022198833843361035,17.0
570,2017,Kyrie Irving,0.0,10.0,0.02682416532912381,15.0
571,2018,Kyrie Irving,0.0,13.0,0.04160139506663332,13.0
572,2019,Kyrie Irving,0.0,12.0,0.09411257548701527,14.0
573,2012,LaMarcus Aldridge,0.0,13.0,0.26601568861838154,3.0
574,2013,LaMarcus Aldridge,0.0,12.0,0.2310771277937597,5.0
575,2014,LaMarcus Aldridge,0.021,9.0,0.2279349928577465,7.0
576,2015,LaMarcus Aldridge,0.005,6.0,0.06189298435608061,16.0
577,2016,LaMarcus Aldridge,0.0,10.0,0.1518296968220117,6.0
578,2018,LaMarcus Aldridge,0.006,9.0,-0.040227156811447076,19.0
579,2019,LaMarcus Aldridge,0.0,12.0,0.11567146392962482,12.0
580,1981,Larry Bird,0.613,2.0,0.3631635110038971,4.0
581,1982,Larry Bird,0.588,2.0,0.34847123995083806,3.0
582,1983,Larry Bird,0.485,2.0,0.7100511346342143,1.0
583,1984,Larry Bird,0.858,1.0,0.6735241626937764,1.0
584,1985,Larry Bird,0.978,1.0,0.9004801597580134,1.0
585,1986,Larry Bird,0.981,1.0,1.042603852690522,1.0
586,1987,Larry Bird,0.34700000000000003,3.0,0.5516177597234286,2.0
587,1988,Larry Bird,0.659,2.0,0.2799765696249884,2.0
588,1990,Larry Bird,0.005,9.0,0.1912765832623876,6.0
589,1993,Larry Johnson,0.0,10.0,0.24715059690885716,6.0
590,1995,Larry Johnson,0.0,11.0,0.013818055992762826,17.0
591,1985,Larry Nance,0.0,16.0,-0.19689664788980163,23.0
592,1989,Larry Nance,0.004,10.0,-0.04086031443690884,22.0
593,1993,Larry Nance,0.0,10.0,-0.07952315084019722,20.0
594,1994,Latrell Sprewell,0.001,9.0,-0.10386280121476034,24.0
595,1995,Latrell Sprewell,0.0,11.0,0.000669449005995873,18.0
596,1997,Latrell Sprewell,0.0,11.0,-0.03355542159299434,21.0
597,2001,Latrell Sprewell,0.0,12.0,0.08273168393030146,11.0
598,2005,LeBron James,0.073,6.0,0.5095448849090651,2.0
599,2006,LeBron James,0.55,2.0,0.1960558136927033,5.0
600,2007,LeBron James,0.142,4.0,0.4025327612150551,4.0
601,2008,LeBron James,0.348,3.0,0.6440771051501286,1.0
602,2009,LeBron James,0.969,1.0,0.7818776403244319,1.0
603,2010,LeBron James,0.98,1.0,0.5301871977425994,1.0
604,2011,LeBron James,0.431,3.0,0.6490448615667781,1.0
605,2012,LeBron James,0.888,1.0,0.9890935803337902,1.0
606,2013,LeBron James,0.998,1.0,0.9297307646617082,1.0
607,2014,LeBron James,0.713,2.0,0.6767388342496563,2.0
608,2015,LeBron James,0.425,3.0,0.09183060776182624,12.0
609,2016,LeBron James,0.482,3.0,0.41007995210410997,3.0
610,2017,LeBron James,0.33,4.0,0.2580562763075836,5.0
611,2018,LeBron James,0.731,2.0,0.9624943571167336,1.0
612,2019,LeBron James,0.001,11.0,0.2617047442855084,5.0
613,,,,,,
614,1982,Lonnie Shelton,0.0,17.0,0.21296613761315036,6.0
615,,,,,,
616,2012,Luol Deng,0.0,13.0,0.07327407550081526,13.0
617,2013,Luol Deng,0.0,12.0,0.061568728685600954,13.0
618,1982,Magic Johnson,0.097,8.0,0.25425750253661134,5.0
619,1983,Magic Johnson,0.406,3.0,0.5247675605802046,2.0
620,1984,Magic Johnson,0.401,3.0,0.4990774042003906,2.0
621,1985,Magic Johnson,0.338,2.0,0.539949320519896,2.0
622,1986,Magic Johnson,0.263,3.0,0.6398676552793118,2.0
623,1987,Magic Johnson,0.94,1.0,0.5790190071322008,1.0
624,1988,Magic Johnson,0.635,3.0,0.10790024849764344,8.0
625,1990,Magic Johnson,0.691,1.0,0.5173250139530483,2.0
626,1991,Magic Johnson,0.518,2.0,0.549046544438049,3.0
627,2005,Manu Ginobili,0.0,14.0,0.06155106895841743,13.0
628,2011,Manu Ginobili,0.017,8.0,0.18729372245129627,7.0
629,2012,Marc Gasol,0.0,13.0,0.0953941519203735,10.0
630,2015,Marc Gasol,0.002,7.0,0.21529133809837614,5.0
631,2017,Marc Gasol,0.0,10.0,-0.15929674691875012,23.0
632,1984,Mark Aguirre,0.037000000000000005,10.0,0.003593566044325619,15.0
633,1987,Mark Aguirre,0.001,12.0,0.025667342750979497,10.0
634,1988,Mark Aguirre,0.001,12.0,-0.07938569049132456,19.0
635,1989,Mark Eaton,0.004,10.0,-0.007522329014935242,12.0
636,1989,Mark Jackson,0.0,12.0,0.14210018525235388,6.0
637,1989,Mark Price,0.021,8.0,0.07018289145453602,9.0
638,1992,Mark Price,0.069,7.0,-0.009945623931459924,17.0
639,1993,Mark Price,0.01,8.0,0.09826387743735691,11.0
640,1994,Mark Price,0.006999999999999999,8.0,0.09758296869700987,9.0
641,1981,Marques Johnson,0.106,6.0,0.37574954553046913,3.0
642,1983,Marques Johnson,0.002,15.0,0.09882012467926192,8.0
643,1986,Marques Johnson,0.0,13.0,0.17075996260234838,7.0
644,1983,Maurice Cheeks,0.0,17.0,-0.19418620239184803,24.0
645,1986,Maurice Cheeks,0.0,13.0,-0.039788510321142334,16.0
646,1987,Maurice Cheeks,0.0,13.0,-0.19724168599951541,24.0
647,1988,Maurice Cheeks,0.0,13.0,0.05153164724433444,10.0
648,1983,Maurice Lucas,0.012,12.0,-0.1290449410316033,22.0
649,2007,Mehmet Okur,0.0,12.0,-0.025936804022528036,16.0
650,2004,Metta World Peace,0.0,12.0,0.04231739993050716,14.0
651,1992,Michael Adams,0.0,13.0,0.21947881963731042,5.0
652,2000,Michael Finley,0.001,13.0,-0.02513322681850813,20.0
653,2001,Michael Finley,0.001,11.0,-0.053131605965007725,21.0
654,1985,Michael Jordan,0.172,6.0,-0.06243696469509849,18.0
655,1987,Michael Jordan,0.5760000000000001,2.0,0.4927242852610117,3.0
656,1988,Michael Jordan,0.831,1.0,0.4318790894373295,1.0
657,1989,Michael Jordan,0.7040000000000001,1.0,0.7968811183828403,1.0
658,1990,Michael Jordan,0.613,3.0,0.655719746497726,1.0
659,1991,Michael Jordan,0.928,1.0,0.7763210583432023,1.0
660,1992,Michael Jordan,0.938,1.0,0.7274212920980637,1.0
661,1993,Michael Jordan,0.5770000000000001,3.0,0.860326221558892,1.0
662,1996,Michael Jordan,0.986,1.0,1.0889710170693576,1.0
663,1997,Michael Jordan,0.8320000000000001,2.0,0.9145954095941885,1.0
664,1998,Michael Jordan,0.934,1.0,0.974905459583096,1.0
665,2002,Michael Jordan,0.013,10.0,0.18684415018343223,7.0
666,2003,Michael Jordan,0.0,11.0,-0.11298385943823384,21.0
667,2004,Michael Redd,0.001,11.0,0.0624465656701924,11.0
668,1981,Micheal Ray Richardson,0.01,13.0,0.08696107358161698,13.0
669,1982,Micheal Ray Richardson,0.0,17.0,0.1742168000441825,8.0
670,1985,Micheal Ray Richardson,0.014,13.0,0.3433897741164964,3.0
671,1981,Mike Mitchell,0.004,16.0,0.1049942865480881,12.0
672,1994,Mitch Richmond,0.0,10.0,-0.020234821429370928,18.0
673,1995,Mitch Richmond,0.0,11.0,0.08095613209464168,13.0
674,1996,Mitch Richmond,0.003,13.0,0.08830610903391332,14.0
675,1997,Mitch Richmond,0.003,9.0,0.047399104306837914,15.0
676,1998,Mitch Richmond,0.003,13.0,-0.007848352049096771,20.0
677,2009,Mo Williams,0.0,12.0,0.009085763214855103,17.0
678,1994,Mookie Blaylock,0.001,9.0,0.0672370145088634,11.0
679,1981,Moses Malone,0.261,4.0,0.3232379653506744,5.0
680,1982,Moses Malone,0.735,1.0,0.3695126573848838,2.0
681,1983,Moses Malone,0.96,1.0,0.17458678122559923,4.0
682,1985,Moses Malone,0.279,3.0,0.019504790509368528,13.0
683,1986,Moses Malone,0.027000000000000003,9.0,0.20556652024549624,5.0
684,1987,Moses Malone,0.012,9.0,0.0926582110623856,8.0
685,1988,Moses Malone,0.0,13.0,-0.04151888434832442,16.0
686,1989,Moses Malone,0.004,10.0,-0.03085076333503109,18.0
687,1998,Nick Van Exel,0.0,15.0,0.20357429488658985,7.0
688,2019,Nikola Jokic,0.21,4.0,0.1976321621434924,7.0
689,,,,,,
690,2019,Nikola Vucevic,0.0,12.0,0.28381510467340865,4.0
691,1982,Norm Nixon,0.0,17.0,0.0686402708896633,13.0
692,1985,Norm Nixon,0.0,16.0,-0.10093237728138135,20.0
693,1981,Otis Birdsong,0.01,13.0,0.031092942774844784,14.0
694,1984,Otis Birdsong,0.0,13.0,0.02482317136099446,11.0
695,1992,Otis Thorpe,0.0,13.0,0.07083990539358936,12.0
696,,,,,,
697,1988,Patrick Ewing,0.0,13.0,-0.18167132213940623,24.0
698,1989,Patrick Ewing,0.235,3.0,0.19933871949446738,4.0
699,1990,Patrick Ewing,0.17600000000000002,4.0,0.027608989802601264,10.0
700,1991,Patrick Ewing,0.021,10.0,0.2722835607205178,4.0
701,1992,Patrick Ewing,0.104,5.0,0.23824188445838645,4.0
702,1993,Patrick Ewing,0.366,4.0,0.14874646330482877,7.0
703,1994,Patrick Ewing,0.252,5.0,0.12863791396816016,7.0
704,1995,Patrick Ewing,0.219,4.0,0.1257735229136513,10.0
705,1996,Patrick Ewing,0.0,14.0,0.029689472432010047,18.0
706,2006,Pau Gasol,0.0,11.0,0.09147349269149774,13.0
707,2009,Pau Gasol,0.0,12.0,0.04348115241163386,14.0
708,2010,Pau Gasol,0.0,11.0,-0.0684405089808654,19.0
709,2011,Pau Gasol,0.0,12.0,0.053978409961330964,13.0
710,2015,Pau Gasol,0.0,9.0,0.15270328201894579,6.0
711,2016,Pau Gasol,0.0,10.0,-0.21208018023498681,23.0
712,2013,Paul George,0.0,12.0,-0.11585578999982224,21.0
713,2014,Paul George,0.026,8.0,0.04795072230274634,14.0
714,2016,Paul George,0.0,10.0,-0.010638641593160345,13.0
715,2017,Paul George,0.0,10.0,0.12748083721078612,8.0
716,2018,Paul George,0.0,13.0,0.23222640283170767,7.0
717,2019,Paul George,0.35200000000000004,3.0,0.09530628347784295,13.0
718,2014,Paul Millsap,0.0,14.0,-0.020992735212704866,19.0
719,2015,Paul Millsap,0.0,9.0,-0.052448932675347934,20.0
720,2016,Paul Millsap,0.0,10.0,-0.09424014622909863,18.0
721,2017,Paul Millsap,0.0,10.0,-0.044635965915287304,22.0
722,2002,Paul Pierce,0.017,9.0,0.029804330434510556,15.0
723,2003,Paul Pierce,0.001,10.0,0.14332273700707016,10.0
724,2004,Paul Pierce,0.0,12.0,-0.041018263136913785,22.0
725,2005,Paul Pierce,0.0,14.0,0.024041945181849572,16.0
726,2006,Paul Pierce,0.0,11.0,0.06739450547658732,17.0
727,2008,Paul Pierce,0.001,10.0,0.1018217059533656,11.0
728,2009,Paul Pierce,0.017,7.0,-0.08128627029869018,22.0
729,2010,Paul Pierce,0.0,11.0,0.10397738482615435,10.0
730,2011,Paul Pierce,0.0,12.0,0.02603458456115436,16.0
731,2012,Paul Pierce,0.0,13.0,0.0540873503620858,17.0
732,1981,Paul Westphal,0.0,17.0,0.139188919940583,11.0
733,2002,Peja Stojakovic,0.001,12.0,0.15260765080440622,8.0
734,2003,Peja Stojakovic,0.0,11.0,-0.06578339870132943,18.0
735,2004,Peja Stojakovic,0.228,4.0,-0.0019258743277020957,18.0
736,2010,Rajon Rondo,0.0,11.0,0.016296098342057835,16.0
737,2011,Rajon Rondo,0.004,10.0,0.0031546990341319026,17.0
738,2012,Rajon Rondo,0.01,8.0,0.04951189556892689,18.0
739,1984,Ralph Sampson,0.0,13.0,-0.356564329954064,24.0
740,1985,Ralph Sampson,0.033,10.0,0.14557246609345934,5.0
741,1986,Ralph Sampson,0.0,13.0,0.10518981621218468,11.0
742,2005,Rashard Lewis,0.0,14.0,0.06854525561208276,12.0
743,2009,Rashard Lewis,0.0,12.0,0.053722740108710004,13.0
744,2000,Rasheed Wallace,0.0,14.0,-0.12738038812606223,23.0
745,2001,Rasheed Wallace,0.0,12.0,0.0672989720065288,13.0
746,2006,Rasheed Wallace,0.0,11.0,0.0003625323611403386,19.0
747,2008,Rasheed Wallace,0.001,10.0,-0.015549958019227705,18.0
748,2000,Ray Allen,0.0,14.0,-0.01952421087287226,19.0
749,2001,Ray Allen,0.006,9.0,0.3272707173465769,2.0
750,2002,Ray Allen,0.0,13.0,0.1053289837395801,10.0
751,2004,Ray Allen,0.0,12.0,0.03400252937881325,16.0
752,2005,Ray Allen,0.032,9.0,-0.03724065250711296,20.0
753,2006,Ray Allen,0.0,11.0,0.14065249198778834,10.0
754,2007,Ray Allen,0.0,12.0,0.013211350220976886,13.0
755,2008,Ray Allen,0.0,11.0,0.06276321287027958,16.0
756,2009,Ray Allen,0.0,12.0,-0.05480273945854325,21.0
757,2011,Ray Allen,0.0,12.0,0.0520217017113431,14.0
758,1992,Reggie Lewis,0.0,13.0,0.045701563433269865,14.0
759,1990,Reggie Miller,0.0,12.0,-0.1051740173116941,22.0
760,1995,Reggie Miller,0.0,11.0,0.09373295528488838,12.0
761,1996,Reggie Miller,0.0,14.0,-0.08722384314814528,24.0
762,1998,Reggie Miller,0.002,14.0,0.02962337508840253,18.0
763,2000,Reggie Miller,0.001,13.0,-0.004897899286392948,18.0
764,1981,Reggie Theus,0.009000000000000001,14.0,0.028800322046159205,16.0
765,1983,Reggie Theus,0.0,17.0,0.08407441104314274,10.0
766,2006,Richard Hamilton,0.0,11.0,0.12410258571568372,12.0
767,2007,Richard Hamilton,0.0,12.0,0.152905129462696,8.0
768,2008,Richard Hamilton,0.0,11.0,-0.0181652260357264,19.0
769,1984,Rickey Green,0.011,12.0,-0.12019306185255126,21.0
770,1991,Ricky Pierce,0.0,16.0,-0.06859367540613596,21.0
771,1998,Rik Smits,0.002,14.0,0.0679496905284238,16.0
772,1981,Robert Parish,0.077,7.0,0.030488070801690165,15.0
773,1982,Robert Parish,0.19,4.0,-0.0024955652893779573,16.0
774,1983,Robert Parish,0.0,17.0,0.06730655380407082,11.0
775,1984,Robert Parish,0.0,13.0,0.009990884391749763,14.0
776,1985,Robert Parish,0.0,16.0,-0.07029986919411382,19.0
777,1986,Robert Parish,0.0,13.0,-0.046029689344555355,17.0
778,1987,Robert Parish,0.004,10.0,-0.011061948476233582,15.0
779,1990,Robert Parish,0.0,12.0,-0.044171657629144545,18.0
780,1991,Robert Parish,0.01,12.0,-0.021040226530365233,19.0
781,1985,Rolando Blackman,0.0,16.0,0.015981559897667114,14.0
782,1986,Rolando Blackman,0.0,13.0,0.006656094114466285,14.0
783,1987,Rolando Blackman,0.001,12.0,-0.14831037610616593,21.0
784,1990,Rolando Blackman,0.0,12.0,-0.05214004213603657,19.0
785,2012,Roy Hibbert,0.0,13.0,-0.03534290514700884,21.0
786,2014,Roy Hibbert,0.0,14.0,0.030862977565918756,15.0
787,,,,,,
788,2011,Russell Westbrook,0.0,12.0,0.2444077233920704,5.0
789,2012,Russell Westbrook,0.003,12.0,0.1718563620194105,8.0
790,2013,Russell Westbrook,0.006999999999999999,9.0,0.0002338465497308817,16.0
791,2015,Russell Westbrook,0.271,4.0,0.2663640020651536,3.0
792,2016,Russell Westbrook,0.371,4.0,0.17124100015071336,5.0
793,2017,Russell Westbrook,0.879,1.0,0.9135103555247504,1.0
794,2018,Russell Westbrook,0.075,5.0,0.5178300272936255,2.0
795,2019,Russell Westbrook,0.008,10.0,0.08961290200735389,15.0
796,,,,,,
797,2004,Sam Cassell,0.003,9.0,-0.14975779925872373,24.0
798,1990,Scottie Pippen,0.0,12.0,-0.039428397264804904,16.0
799,1992,Scottie Pippen,0.033,9.0,0.26710005123078506,2.0
800,1993,Scottie Pippen,0.0,10.0,-0.009982458951601977,17.0
801,1994,Scottie Pippen,0.386,3.0,0.07957661465167247,10.0
802,1995,Scottie Pippen,0.079,7.0,0.34148936253576445,5.0
803,1996,Scottie Pippen,0.2,5.0,0.013008597439366928,20.0
804,1997,Scottie Pippen,0.005,8.0,0.2807422678328006,4.0
805,1993,Sean Elliott,0.0,10.0,0.11165841476741308,9.0
806,1996,Sean Elliott,0.0,14.0,-0.029344816619869693,22.0
807,1993,Shaquille O'Neal,0.031,7.0,0.13170851891466762,8.0
808,1994,Shaquille O'Neal,0.28600000000000003,4.0,0.6450192452952899,1.0
809,1995,Shaquille O'Neal,0.5760000000000001,2.0,0.4748221666880769,2.0
810,1996,Shaquille O'Neal,0.056,9.0,0.1970570813057324,6.0
811,1998,Shaquille O'Neal,0.268,4.0,0.29074486013950135,6.0
812,2000,Shaquille O'Neal,0.998,1.0,0.8105492855870845,1.0
813,2003,Shaquille O'Neal,0.106,5.0,0.32737034381555563,6.0
814,2004,Shaquille O'Neal,0.145,6.0,0.4287324097999667,3.0
815,2005,Shaquille O'Neal,0.813,2.0,0.3520453662693032,3.0
816,2006,Shaquille O'Neal,0.0,11.0,-0.13294668129147375,23.0
817,2007,Shaquille O'Neal,0.002,10.0,-0.14871632158240466,24.0
818,2009,Shaquille O'Neal,0.0,12.0,0.2683412371329133,4.0
819,2002,Shareef Abdur-Rahim,0.0,13.0,0.035124827658258084,14.0
820,1993,Shawn Kemp,0.001,9.0,-0.03595610379321536,18.0
821,1994,Shawn Kemp,0.017,7.0,0.19067683594785895,5.0
822,1995,Shawn Kemp,0.0,11.0,0.06172005274103613,14.0
823,1996,Shawn Kemp,0.065,8.0,0.10217680006884748,13.0
824,1997,Shawn Kemp,0.0,11.0,0.07910772727719027,10.0
825,1998,Shawn Kemp,0.0,15.0,0.11912169191832074,13.0
826,2003,Shawn Marion,0.0,11.0,-0.046078190501380095,17.0
827,2005,Shawn Marion,0.001,13.0,0.05008751834579425,15.0
828,2006,Shawn Marion,0.001,10.0,0.25556273151837533,4.0
829,2007,Shawn Marion,0.0,12.0,0.049385490205178406,12.0
830,1982,Sidney Moncrief,0.146,7.0,0.05857457958122485,14.0
831,1983,Sidney Moncrief,0.301,4.0,0.17161919928559732,5.0
832,1984,Sidney Moncrief,0.092,8.0,-0.04513437988264567,18.0
833,1985,Sidney Moncrief,0.083,8.0,0.07325969597367665,9.0
834,1986,Sidney Moncrief,0.07200000000000001,6.0,0.12138992612745281,10.0
835,1987,Sleepy Floyd,0.0,13.0,-0.04377552171984833,17.0
836,2014,Stephen Curry,0.053,6.0,0.43221039266502775,3.0
837,2015,Stephen Curry,0.922,1.0,0.5285189343546092,1.0
838,2016,Stephen Curry,1.0,1.0,0.7210549276050485,1.0
839,2017,Stephen Curry,0.051,6.0,0.36835826085411305,3.0
840,2018,Stephen Curry,0.005,10.0,0.018370444474365893,15.0
841,2019,Stephen Curry,0.173,5.0,0.16074767891276084,8.0
842,2001,Stephon Marbury,0.0,12.0,-0.010137134830268582,18.0
843,2003,Stephon Marbury,0.0,11.0,0.03145773365216996,14.0
844,2002,Steve Francis,0.0,13.0,-0.019021730978258364,19.0
845,2003,Steve Francis,0.0,11.0,0.06228456254670929,12.0
846,2004,Steve Francis,0.0,12.0,0.09395033401686397,8.0
847,2002,Steve Nash,0.004,11.0,0.046480281824583664,11.0
848,2003,Steve Nash,0.001,10.0,-0.03275960707239152,16.0
849,2005,Steve Nash,0.8390000000000001,1.0,0.23490766447254025,5.0
850,2006,Steve Nash,0.7390000000000001,1.0,0.18752326517484447,6.0
851,2008,Steve Nash,0.014,7.0,0.36191312735463677,2.0
852,2010,Steve Nash,0.04,7.0,0.1330247969508584,6.0
853,2012,Steve Nash,0.006,9.0,0.05439962571454594,16.0
854,1998,Steve Smith,0.0,15.0,-0.033959585819788626,21.0
855,1996,Terrell Brandon,0.003,13.0,0.14287219764490156,9.0
856,1997,Terrell Brandon,0.0,11.0,0.010914932114115414,17.0
857,1985,Terry Cummings,0.177,5.0,0.05441178350009132,11.0
858,1989,Terry Cummings,0.001,11.0,-0.008216969285605641,13.0
859,1991,Terry Porter,0.026,9.0,0.2113999815421269,6.0
860,1993,Terry Porter,0.0,10.0,0.09388055388142362,12.0
861,1998,Tim Duncan,0.128,5.0,0.5554865986730754,2.0
862,2000,Tim Duncan,0.205,5.0,0.5793173344084698,2.0
863,2001,Tim Duncan,0.569,2.0,0.24559033659011525,5.0
864,2002,Tim Duncan,0.757,1.0,0.8817777162684513,1.0
865,2003,Tim Duncan,0.8079999999999999,1.0,0.6067116501103745,2.0
866,2004,Tim Duncan,0.5820000000000001,2.0,0.4976953134477348,2.0
867,2005,Tim Duncan,0.258,4.0,0.20104851704021132,6.0
868,2006,Tim Duncan,0.026,8.0,0.086399042358876,14.0
869,2007,Tim Duncan,0.222,3.0,0.43363406531960214,1.0
870,2008,Tim Duncan,0.02,6.0,0.12658777365486915,10.0
871,2009,Tim Duncan,0.002,10.0,0.12150798011775216,8.0
872,2010,Tim Duncan,0.0,11.0,0.10419349188915189,8.0
873,2011,Tim Duncan,0.0,12.0,-0.12771394584280324,21.0
874,2013,Tim Duncan,0.054000000000000006,7.0,-0.14099786077773066,22.0
875,2015,Tim Duncan,0.001,8.0,0.06804762754595238,15.0
876,1991,Tim Hardaway,0.001,15.0,0.05929531077336582,12.0
877,1992,Tim Hardaway,0.067,8.0,-0.07239799964367599,21.0
878,1993,Tim Hardaway,0.0,10.0,0.0032217295002155005,15.0
879,1997,Tim Hardaway,0.207,4.0,0.09767992242164504,8.0
880,1998,Tim Hardaway,0.061,6.0,0.17143647327287448,8.0
881,1981,Tiny Archibald,0.046,9.0,-0.08320813749731129,21.0
882,1982,Tiny Archibald,0.0,17.0,-0.13577343314672619,22.0
883,1987,Tom Chambers,0.0,13.0,-0.1548626565158857,22.0
884,1989,Tom Chambers,0.024,7.0,-0.010804582064170315,14.0
885,1990,Tom Chambers,0.013,7.0,0.021579514637328295,12.0
886,1991,Tom Chambers,0.0,16.0,-0.012812457681395675,17.0
887,1997,Tom Gugliotta,0.001,10.0,0.18089163618213977,5.0
888,2006,Tony Parker,0.006999999999999999,9.0,-0.0605823220467355,21.0
889,2007,Tony Parker,0.001,11.0,0.22355714700838963,6.0
890,2009,Tony Parker,0.006999999999999999,8.0,0.17087884930180397,7.0
891,2012,Tony Parker,0.274,5.0,0.031630086368924046,19.0
892,2013,Tony Parker,0.071,6.0,0.25106523446764484,4.0
893,2014,Tony Parker,0.017,11.0,0.024310050957628157,16.0
894,2001,Tracy McGrady,0.052000000000000005,5.0,0.26614098485659926,4.0
895,2002,Tracy McGrady,0.31,3.0,0.2372475805895544,6.0
896,2003,Tracy McGrady,0.359,4.0,0.6618868360050509,1.0
897,2004,Tracy McGrady,0.0,12.0,0.11291815128045558,7.0
898,2005,Tracy McGrady,0.035,7.0,0.26954843699757386,4.0
899,2006,Tracy McGrady,0.0,11.0,-0.08109089955198368,22.0
900,2007,Tracy McGrady,0.085,5.0,0.2679258133108647,5.0
901,,,,,,
902,1981,Truck Robinson,0.009000000000000001,14.0,-0.2724916207165802,22.0
903,1995,Tyrone Hill,0.0,11.0,-0.04964498197628926,22.0
904,2013,Tyson Chandler,0.0,12.0,0.0708961219803734,12.0
905,2018,Victor Oladipo,0.002,12.0,-0.009911806078848978,17.0
906,1995,Vin Baker,0.0,11.0,-0.0022683159311950724,19.0
907,1996,Vin Baker,0.0,14.0,0.06904695958883265,16.0
908,1997,Vin Baker,0.0,11.0,0.14353307062942589,7.0
909,1998,Vin Baker,0.021,8.0,-0.04480944039018892,22.0
910,2000,Vince Carter,0.042,10.0,-0.0992779914160879,22.0
911,2001,Vince Carter,0.006,9.0,0.19275056574899413,6.0
912,2003,Vince Carter,0.0,11.0,0.036609634821365436,13.0
913,2004,Vince Carter,0.0,12.0,0.0727364565108597,10.0
914,2005,Vince Carter,0.002,12.0,0.15461244545605568,7.0
915,2006,Vince Carter,0.0,11.0,0.04640999427452239,18.0
916,2007,Vince Carter,0.0,12.0,-0.08457504354095557,18.0
917,2001,Vlade Divac,0.0,12.0,-0.06162216533468891,22.0
918,2002,Wally Szczerbiak,0.0,13.0,0.042786094125753266,13.0
919,1981,Walter Davis,0.004,16.0,0.18498418598143881,8.0
920,1984,Walter Davis,0.0,13.0,-0.014644417913921529,17.0
921,1987,Walter Davis,0.0,13.0,0.02543401067694652,11.0
922,1988,Xavier McDaniel,0.0,13.0,0.10926852816730435,7.0
923,2003,Yao Ming,0.0,11.0,-0.32477223905852504,24.0
924,2004,Yao Ming,0.001,11.0,0.2663738369937356,4.0
925,2005,Yao Ming,0.0,14.0,0.08240622264735274,11.0
926,2006,Yao Ming,0.0,11.0,0.07224757050217528,15.0
927,2008,Yao Ming,0.0,11.0,0.07812286203829821,14.0
928,2009,Yao Ming,0.001,11.0,0.039764160926320236,15.0
929,2010,Zach Randolph,0.0,11.0,0.10228698824125107,12.0
930,2013,Zach Randolph,0.0,12.0,-0.016199714948754912,17.0
931,2003,Zydrunas Ilgauskas,0.0,11.0,0.08807306857391962,11.0
932,2005,Zydrunas Ilgauskas,0.0,14.0,-0.060517420379834055,21.0
